participantID,studyID,date,expName,psychopyVersion,OS,frameRate,language,mouse.x,mouse.y,mouse.leftButton,mouse.midButton,mouse.rightButton,mouse.time,mouse.clicked_name,trials.thisRepN,trials.thisTrialN,trials.thisN,trials.thisIndex,trials.ran,fixation_dur,activityID,condition,willi2pay,Trial_RT
,BON001,2023-12-18_12h42.25.408,willingness2pay,2023.2.2,Win32,59.65519298,,,,,,,,,,,,,,,,,,
,BON001,2023-12-18_12h42.25.408,willingness2pay,2023.2.2,Win32,59.65519298,,,,,,,,,,,,,,,,,,
,BON001,2023-12-18_12h42.25.408,willingness2pay,2023.2.2,Win32,59.65519298,uk,,,,,,,,,,,,,,,,,
,BON001,2023-12-18_12h42.25.408,willingness2pay,2023.2.2,Win32,59.65519298,uk,,,,,,,,,,,,,,,,,
,BON001,2023-12-18_12h42.25.408,willingness2pay,2023.2.2,Win32,59.65519298,uk,,,,,,,,,,,,,,,,,
,BON001,2023-12-18_12h42.25.408,willingness2pay,2023.2.2,Win32,59.65519298,uk,"[0.01358950328022493,0.01358950328022493,0.01358950328022493,0.01358950328022493,0.01358950328022493,0.01358950328022493,0.01358950328022493,0.01358950328022493,0.01358950328022493,0.01358950328022493,0.01358950328022493,0.01358950328022493,0.01358950328022493,0.01358950328022493,0.01358950328022493,0.01358950328022493,0.01358950328022493,0.01358950328022493,0.01358950328022493,0.01358950328022493,0.01358950328022493,0.01358950328022493,0.020462393648957355,0.030459231490159326,0.03858171228839621,0.044204955025041,0.04732895970009372,0.05357702625278234,0.057325854743878864,0.0610746832349754,0.06857234021716846,0.072321168708265,0.07482040676985707,0.07731958762886598,0.07856923526095361,0.08044364950650187,0.08294283036551078,0.08419247799759841,0.08419247799759841,0.08481724461105905,0.08481724461105905,0.08481724461105905,0.0866916588566073,0.09418931583880037,0.095438963470888,0.095438963470888,0.09481413965484418,0.08981572073424321,0.07731958762886598,0.057325854743878864,0.029209641060654875,0.017963155587365276,0.008591084359623946,0.0067166701140756796,0.0067166701140756796,0.0067166701140756796,0.0067166701140756796,0.0067166701140756796,0.0067166701140756796,0.0067166701140756796,0.0067166701140756796,0.0067166701140756796,0.0067166701140756796,0.0067166701140756796,0.006091846298031865,0.006091846298031865,0.006091846298031865,0.006091846298031865,0.006091846298031865,0.0054670796845712275,0.004217432052483599,0.002967841622979147,0.002967841622979147,0.0023430178069353325,0.0017182511934746953,0.001093427377430881,0.00046860356138706655,-0.0007809868681173852,-0.0007809868681173852,-0.0007809868681173852,-0.0007809868681173852,-0.0007809868681173852,-0.0007809868681173852,-0.0007809868681173852,-0.0007809868681173852,-0.0007809868681173852,-0.0007809868681173852,-0.0007809868681173852,-0.0007809868681173852,-0.0007809868681173852,-0.0007809868681173852,-0.0007809868681173852,-0.0007809868681173852,-0.0007809868681173852,-0.0007809868681173852,-0.0007809868681173852,-0.0007809868681173852,-0.0007809868681173852,0.001093427377430881,0.0067166701140756796,0.008591084359623946,0.01358950328022493,0.017963155587365276,0.022336807894505623,0.02858481724461106,0.032958469551751406,0.03733212185889175,0.04295536459553655,0.045454545454545456,0.04857860733218135,0.05170261200723407,0.0554514404983306,0.05857544517338332,0.06357392129656748,0.06607310215557638,0.06669792597162019,0.06794751640112465,0.06857234021716846,0.06919716403321227,0.072321168708265,0.08044364950650187,0.08419247799759841,0.08606689224314668,0.08731648267265113,0.08794130648869494,0.08856607310215557,0.09293972540929592,0.0979381443298969,0.10168697282099344,0.1066854489441776,0.11105904404873478,0.1123086916808224,0.11418310592637067,0.11418310592637067,0.1148078725398313,0.1148078725398313,0.1148078725398313,0.10980945361923032,0.0891908969181994,0.08169323993600633,0.06857234021716846,0.05795067855992268,0.041080950349988286,0.02421122214005389,0.011090322421216027,0.007341493930119494,0.002967841622979147,0.0017182511934746953,0.001093427377430881,-0.0014058106841611997,-0.0026554011136656515,-0.005154639175257732,-0.009528234279814902,-0.014526710402999063,-0.018275538894095594,-0.023898781630740395,-0.028272376735297564,-0.030771614796889644,-0.032021205226394095,-0.032021205226394095,-0.032021205226394095,-0.032021205226394095,-0.032021205226394095,-0.032021205226394095,-0.032021205226394095,-0.032021205226394095,-0.032021205226394095,-0.032021205226394095,-0.032021205226394095,-0.032021205226394095]","[-0.368478619504891,-0.368478619504891,-0.368478619504891,-0.368478619504891,-0.368478619504891,-0.368478619504891,-0.368478619504891,-0.368478619504891,-0.368478619504891,-0.368478619504891,-0.368478619504891,-0.368478619504891,-0.368478619504891,-0.368478619504891,-0.368478619504891,-0.368478619504891,-0.368478619504891,-0.368478619504891,-0.368478619504891,-0.368478619504891,-0.368478619504891,-0.36597938144329895,-0.3391128153921626,-0.30537335897229384,-0.28350515463917525,-0.26038741707913543,-0.24601686972820994,-0.21540147518597705,-0.19790692315999883,-0.18478602344116096,-0.169165885660731,-0.16416746674013002,-0.16041863824903352,-0.1572946335739808,-0.15542021932843253,-0.1541705716963449,-0.15104656702129218,-0.14792256234623946,-0.14729773853019565,-0.14542332428464738,-0.14542332428464738,-0.14542332428464738,-0.14104967197750704,-0.12542959139966026,-0.12105593909251991,-0.11980634866301547,-0.1179319344174672,-0.11730711060142339,-0.11730711060142339,-0.12105593909251991,-0.1260543580131209,-0.1260543580131209,-0.1260543580131209,-0.12542959139966026,-0.12542959139966026,-0.12542959139966026,-0.12542959139966026,-0.12480476758361644,-0.12480476758361644,-0.123555177154112,-0.12293035333806818,-0.12293035333806818,-0.12293035333806818,-0.12293035333806818,-0.12168076290856374,-0.12168076290856374,-0.12105593909251991,-0.12105593909251991,-0.11980634866301547,-0.11918152484697164,-0.1179319344174672,-0.11543269635587512,-0.11543269635587512,-0.11418310592637067,-0.11355828211032686,-0.11293345829428304,-0.1123086916808224,-0.11105904404873478,-0.11105904404873478,-0.11105904404873478,-0.11105904404873478,-0.11105904404873478,-0.11105904404873478,-0.11105904404873478,-0.11105904404873478,-0.11105904404873478,-0.11105904404873478,-0.11105904404873478,-0.11105904404873478,-0.11105904404873478,-0.11105904404873478,-0.11105904404873478,-0.11105904404873478,-0.11105904404873478,-0.11105904404873478,-0.11105904404873478,-0.11105904404873478,-0.11105904404873478,-0.11105904404873478,-0.10980945361923032,-0.10918462980318651,-0.10855986318972587,-0.10855986318972587,-0.10793503937368205,-0.10731021555763824,-0.10731021555763824,-0.10731021555763824,-0.1066854489441776,-0.1066854489441776,-0.1066854489441776,-0.1066854489441776,-0.1066854489441776,-0.1066854489441776,-0.10606062512813379,-0.10543580131208997,-0.10543580131208997,-0.10543580131208997,-0.10543580131208997,-0.10543580131208997,-0.10481103469862933,-0.10418621088258552,-0.10293662045308107,-0.10293662045308107,-0.10293662045308107,-0.10293662045308107,-0.10293662045308107,-0.10231179663703725,-0.10231179663703725,-0.10231179663703725,-0.10231179663703725,-0.10231179663703725,-0.10356138706654171,-0.10356138706654171,-0.10356138706654171,-0.10418621088258552,-0.10418621088258552,-0.10418621088258552,-0.11105904404873478,-0.13605125305690605,-0.14729773853019565,-0.16416746674013002,-0.17603877602946344,-0.19603250891445057,-0.21352706094042878,-0.22977196533431934,-0.23602003188700796,-0.2422680412371134,-0.24476727929870548,-0.24601686972820994,-0.2510153458513941,-0.25538894095595127,-0.2597625932630916,-0.26975948830687674,-0.28100597378016634,-0.29662605435801315,-0.3222430871822282,-0.34223682006721534,-0.3641049671977507,-0.37222744799598756,-0.3778506907326324,-0.3822243430397727,-0.384098757285321,-0.384098757285321,-0.3847235238987816,-0.3847235238987816,-0.38597317153086924,-0.3865979381443299,-0.3865979381443299,-0.3865979381443299,-0.38784758577641754]","[1,0,0,0,0,0,0,0,0,0,0,0,0,0,0,0,0,0,0,0,0,0,0,0,0,0,0,0,0,0,0,0,0,0,0,0,0,0,0,0,0,0,0,0,0,0,0,0,0,0,0,0,0,0,0,0,0,0,0,0,0,0,0,0,0,0,0,0,0,0,0,0,0,0,0,0,0,0,0,0,0,1,1,1,1,1,1,1,1,1,1,1,1,1,1,1,1,1,1,1,1,1,1,1,1,1,1,1,1,1,1,1,1,1,1,1,1,1,1,1,1,1,1,1,1,1,1,1,1,1,1,1,1,1,1,0,0,0,0,0,0,0,0,0,0,0,0,0,0,0,0,0,0,0,0,0,0,0,0,0,0,0,0,0,0,0,0,0,0,1]","[0,0,0,0,0,0,0,0,0,0,0,0,0,0,0,0,0,0,0,0,0,0,0,0,0,0,0,0,0,0,0,0,0,0,0,0,0,0,0,0,0,0,0,0,0,0,0,0,0,0,0,0,0,0,0,0,0,0,0,0,0,0,0,0,0,0,0,0,0,0,0,0,0,0,0,0,0,0,0,0,0,0,0,0,0,0,0,0,0,0,0,0,0,0,0,0,0,0,0,0,0,0,0,0,0,0,0,0,0,0,0,0,0,0,0,0,0,0,0,0,0,0,0,0,0,0,0,0,0,0,0,0,0,0,0,0,0,0,0,0,0,0,0,0,0,0,0,0,0,0,0,0,0,0,0,0,0,0,0,0,0,0,0,0,0,0,0,0,0,0]","[0,0,0,0,0,0,0,0,0,0,0,0,0,0,0,0,0,0,0,0,0,0,0,0,0,0,0,0,0,0,0,0,0,0,0,0,0,0,0,0,0,0,0,0,0,0,0,0,0,0,0,0,0,0,0,0,0,0,0,0,0,0,0,0,0,0,0,0,0,0,0,0,0,0,0,0,0,0,0,0,0,0,0,0,0,0,0,0,0,0,0,0,0,0,0,0,0,0,0,0,0,0,0,0,0,0,0,0,0,0,0,0,0,0,0,0,0,0,0,0,0,0,0,0,0,0,0,0,0,0,0,0,0,0,0,0,0,0,0,0,0,0,0,0,0,0,0,0,0,0,0,0,0,0,0,0,0,0,0,0,0,0,0,0,0,0,0,0,0,0]","[0,0.01570000004768346,0.026500000000000412,0.048499999999999766,0.06550000000000011,0.08289999997615816,0.09949999999999992,0.11579999995231649,0.13250000000000028,0.14920000004768408,0.1661000000238424,0.18179999995231633,0.19810000002384243,0.21499999999999986,0.22639999997615856,0.24849999999999994,0.2599999999999998,0.2823999999761586,0.29920000004768355,0.31579999995231667,0.33239999997615843,0.34929999995231675,0.3653999999761579,0.382899999976158,0.3931000000238418,0.41589999997615834,0.4327999999523162,0.449399999976158,0.4661000000238418,0.4826000000238415,0.4997000000476839,0.5162999999523161,0.5327000000476834,0.5497999999523162,0.5665,0.5827999999523157,0.6011000000238416,0.6152000000476838,0.6320000000000001,0.6595,0.6664999999999996,0.6763999999761583,0.6930000000000001,0.7097999999523164,0.7262000000476836,0.7434999999999996,0.7598999999761582,0.7767000000476831,0.7934999999999994,0.8106000000238418,0.8267000000476838,0.8432000000476836,0.8601000000238419,0.8768999999761582,0.8929999999999993,0.9099999999999997,0.9267000000476835,0.9438999999761575,0.9597000000476839,0.9768999999761578,0.9937999999523162,1.0098999999761582,1.0267000000476831,1.0429999999999997,1.06,1.0762999999523157,1.093399999976158,1.1097999999523158,1.1267000000476837,1.1435,1.1602999999523163,1.176899999976158,1.1932999999523157,1.210299999952316,1.2265000000000001,1.2428999999761579,1.2597000000476837,1.276600000023842,1.2932999999523163,1.309899999976158,1.3267000000476838,1.343299999952316,1.3607000000476837,1.3768999999761582,1.3932000000476834,1.4097999999523156,1.4263999999761583,1.4432000000476832,1.4594999999999998,1.4763999999761581,1.4929999999999999,1.5097000000476837,1.5265,1.5431000000238417,1.559899999976158,1.5766000000238418,1.5935000000000001,1.6098999999761578,1.6269999999999993,1.643600000023842,1.6598999999761577,1.676899999976158,1.6934999999999998,1.710299999952316,1.727200000047683,1.7432999999523164,1.760299999952316,1.7767999999523156,1.7936000000238415,1.8103999999761577,1.8267000000476838,1.843399999976158,1.8602999999523164,1.876200000047683,1.893600000023842,1.9101000000238417,1.927,1.9436000000238418,1.9602000000476836,1.9769999999999999,1.9937000000476837,2.010299999952316,2.0272999999523162,2.043899999976158,2.0603999999761577,2.076700000047684,2.093399999976158,2.109399999976158,2.126799999952316,2.143700000047683,2.1602999999523163,2.177,2.1937999999523163,2.2101000000238415,2.2272999999523164,2.243100000023842,2.2635,2.2773999999761583,2.2932999999523163,2.309899999976158,2.3262999999523157,2.3436000000238413,2.360200000047683,2.376799999952316,2.393600000023842,2.4106000000238414,2.426799999952316,2.4435,2.4597999999523164,2.476799999952316,2.4953999999761582,2.5102000000476834,2.5267999999523156,2.543899999976158,2.560100000023841,2.5768999999761575,2.594,2.609899999976158,2.6271000000238414,2.643700000047683,2.6602000000476838,2.677,2.6932999999523157,2.7102000000476836,2.7261000000238416,2.743200000047683,2.7596000000238416,2.776700000047683,2.7932999999523163,2.8115]","[""polygon_submitbutton"",""polygon_submitbutton"",""polygon_submitbutton"",""polygon_submitbutton"",""polygon_submitbutton"",""polygon_submitbutton"",""polygon_submitbutton"",""polygon_submitbutton"",""polygon_submitbutton"",""polygon_submitbutton"",""polygon_submitbutton"",""polygon_submitbutton""]",0,0,0,0,1,0.10178213,1,alone,68,2.818
,BON001,2023-12-18_12h42.25.408,willingness2pay,2023.2.2,Win32,59.65519298,uk,"[-0.032021205226394095,-0.032021205226394095,-0.032021205226394095,-0.018900305507556232,0.00921590817566776,0.020462393648957355,0.029209641060654875,0.041080950349988286,0.05295220243673852,0.06857234021716846,0.09418931583880037,0.10293662045308107,0.1066854489441776,0.10731021555763824,0.10731021555763824,0.10731021555763824,0.10731021555763824,0.10731021555763824,0.10731021555763824,0.10731021555763824,0.10731021555763824,0.10731021555763824,0.10731021555763824,0.10731021555763824,0.11293345829428304,0.11543269635587512,0.11668228678537956,0.11730711060142339,0.1179319344174672,0.11855670103092783,0.11855670103092783,0.11855670103092783,0.11980634866301547,0.1266791818291647,0.14167449579355085,0.15979381443298968,0.1666667048017221,0.17104029990627928,0.17291471415182755,0.17291471415182755,0.17478912839737581,0.18228678537956888,0.19978139460813027,0.24851616499238519,0.2653858932023196,0.27538273104352157,0.281630740393627,0.28350515463917525,0.28350515463917525,0.28413003565780226,0.28413003565780226,0.28413003565780226,0.28413003565780226,0.28413003565780226,0.28413003565780226,0.29350210688554357,0.33411433926897843,0.3534833627430881,0.3647298482163777,0.3709778575664831,0.37722586691658855,0.3828491096532334,0.39159641426751407,0.4034676663542643,0.41283973758200565,0.41971262795073805,0.4265855183194705,0.42783505154639173,0.42845993256501874,0.42845993256501874,0.42845993256501874,0.4147141518275539,0.38909723340850516,0.355982543602097,0.3134957825679475,0.299750116235649,0.28350515463917525,0.26726030744786783,0.24851616499238519,0.2091534658358716,0.18728526150275304,0.17416436178391517,0.1604186954516167,0.14979697659178773,0.14104967197750704,0.1266791818291647,0.11605752017191893,0.10606062512813379,0.0979381443298969,0.09356454922533974,0.08856607310215557,0.08544206842710286,0.08106841611996252,0.06294909748052366,0.050453021577729615,0.045454545454545456,0.044204955025041,0.04295536459553655,0.042330540779492734,0.03795688847235239,0.03358329336779522,0.03170887912224695,0.030459231490159326,0.030459231490159326,0.030459231490159326]","[-0.38784758577641754,-0.38784758577641754,-0.38784758577641754,-0.3709778575664831,-0.32349267761173267,-0.30412371134020616,-0.2891283973758201,-0.26975948830687674,-0.2547641743424906,-0.23227120339591142,-0.19540768509840675,-0.17666354264292408,-0.1629178763106256,-0.15979381443298968,-0.15854422400348525,-0.15854422400348525,-0.1572946335739808,-0.15666980975793698,-0.15666980975793698,-0.15666980975793698,-0.15542021932843253,-0.15479539551238872,-0.15479539551238872,-0.15479539551238872,-0.13542642924086223,-0.12480476758361644,-0.12230552952202436,-0.12105593909251991,-0.12105593909251991,-0.1204311152764761,-0.1204311152764761,-0.1204311152764761,-0.11980634866301547,-0.11668228678537956,-0.11105904404873478,-0.1066854489441776,-0.10543580131208997,-0.10543580131208997,-0.10543580131208997,-0.10543580131208997,-0.10543580131208997,-0.10543580131208997,-0.10481103469862933,-0.09418931583880037,-0.0891908969181994,-0.08481724461105905,-0.08106841611996252,-0.08044364950650187,-0.08044364950650187,-0.08044364950650187,-0.08044364950650187,-0.08044364950650187,-0.08044364950650187,-0.08044364950650187,-0.08044364950650187,-0.08044364950650187,-0.08106841611996252,-0.0835676541815546,-0.08544206842710286,-0.08606689224314668,-0.08731648267265113,-0.08856607310215557,-0.08981572073424321,-0.09169013497979148,-0.0923149015932521,-0.09356454922533974,-0.09418931583880037,-0.09418931583880037,-0.09418931583880037,-0.09418931583880037,-0.09418931583880037,-0.0979381443298969,-0.10543580131208997,-0.11918152484697164,-0.1429240862230553,-0.15479539551238872,-0.16979070947677483,-0.18416119962511715,-0.20228057546713918,-0.23789444613255623,-0.2591377694470478,-0.27538273104352157,-0.29725087817405693,-0.31537019681349576,-0.33536398690106606,-0.35785695784764526,-0.3697282099343955,-0.37722586691658855,-0.3809746954076851,-0.3822243430397727,-0.3828491096532334,-0.38347393346927716,-0.384098757285321,-0.389097176205922,-0.39159641426751407,-0.3922211808809747,-0.3922211808809747,-0.3922211808809747,-0.3922211808809747,-0.39721965700415884,-0.4003436616792116,-0.40221807592475983,-0.4034676663542643,-0.4034676663542643,-0.4034676663542643]","[0,0,0,0,0,0,0,0,0,0,0,0,0,0,0,0,0,0,0,0,0,0,0,0,0,0,0,0,0,0,0,0,0,0,0,0,0,0,0,0,0,0,0,0,0,0,0,0,0,1,1,1,1,1,1,1,1,1,1,1,1,1,1,1,1,1,1,1,1,0,0,0,0,0,0,0,0,0,0,0,0,0,0,0,0,0,0,0,0,0,0,0,0,0,0,0,0,0,0,0,0,0,0,0,1]","[0,0,0,0,0,0,0,0,0,0,0,0,0,0,0,0,0,0,0,0,0,0,0,0,0,0,0,0,0,0,0,0,0,0,0,0,0,0,0,0,0,0,0,0,0,0,0,0,0,0,0,0,0,0,0,0,0,0,0,0,0,0,0,0,0,0,0,0,0,0,0,0,0,0,0,0,0,0,0,0,0,0,0,0,0,0,0,0,0,0,0,0,0,0,0,0,0,0,0,0,0,0,0,0,0]","[0,0,0,0,0,0,0,0,0,0,0,0,0,0,0,0,0,0,0,0,0,0,0,0,0,0,0,0,0,0,0,0,0,0,0,0,0,0,0,0,0,0,0,0,0,0,0,0,0,0,0,0,0,0,0,0,0,0,0,0,0,0,0,0,0,0,0,0,0,0,0,0,0,0,0,0,0,0,0,0,0,0,0,0,0,0,0,0,0,0,0,0,0,0,0,0,0,0,0,0,0,0,0,0,0]","[0.00010000002384202844,0.01289999997615876,0.029600000023841666,0.046499999999999986,0.06279999995231655,0.0797999999523169,0.09660000002384184,0.11310000002384246,0.12900000000000045,0.1463999999761585,0.16319999992847478,0.17960000002384202,0.19579999995231656,0.2127999999523169,0.22929999995231665,0.2458999999761584,0.26279999995231673,0.27960000002384167,0.2961000000238423,0.31279999995231655,0.3296999999284749,0.34639999997615867,0.3628999999761584,0.37950000000000017,0.39610000002384194,0.4131000000238423,0.4296999999284745,0.4463999999761583,0.4631999999284746,0.4798999999761584,0.49619999992847497,0.5127999999523167,0.529699999928475,0.5461999999284748,0.5630000000000006,0.579899999976158,0.5962999999523166,0.6126000000238419,0.6296999999284747,0.6461000000238419,0.6627999999523162,0.6798999999761586,0.6963999999761583,0.7131000000238421,0.7298999999761584,0.7462999999523161,0.7631999999284744,0.7801000000238423,0.796399999976158,0.8126999999284745,0.8310000000000004,0.8462999999523166,0.8628999999761584,0.8793999999761581,0.8959999999999999,0.9128999999761582,0.9297999999523165,0.9462999999523163,0.9630000000000001,0.9796000000238418,0.9962999999523161,1.013100000023842,1.0293999999761585,1.0460000000000003,1.0629999999999997,1.0795000000000003,1.0966000000238418,1.1128999999761584,1.130100000023842,1.146,1.163199999928474,1.179600000023842,1.1964999999999995,1.213,1.2299999999999995,1.2476000000238416,1.2628999999761588,1.2796999999284742,1.2961000000238423,1.3129999999999997,1.3296999999284749,1.3466999999284743,1.363199999928475,1.3802999999523164,1.3965000000000005,1.413299999952316,1.4300000000000006,1.4463999999761592,1.462799999952316,1.4792999999523166,1.4963999999761581,1.5130000000000008,1.5300000000000002,1.5467999999523157,1.5629999999999997,1.5796000000238424,1.5963999999761578,1.6136000000238413,1.629500000000001,1.6465000000000005,1.663399999976158,1.679399999976158,1.6961999999284751,1.7124999999999995,1.7291999999284746]","[""polygon_submitbutton"",""polygon_submitbutton"",""polygon_submitbutton"",""polygon_submitbutton"",""polygon_submitbutton"",""polygon_submitbutton"",""polygon_submitbutton"",""polygon_submitbutton"",""polygon_submitbutton"",""polygon_submitbutton"",""polygon_submitbutton"",""polygon_submitbutton"",""polygon_submitbutton"",""polygon_submitbutton"",""polygon_submitbutton"",""polygon_submitbutton"",""polygon_submitbutton"",""polygon_submitbutton"",""polygon_submitbutton"",""polygon_submitbutton"",""polygon_submitbutton"",""polygon_submitbutton""]",1,0,1,0,1,0.156109062,9,alone,100,1.733
,BON001,2023-12-18_12h42.25.408,willingness2pay,2023.2.2,Win32,59.65519298,uk,"[0.027335226815106608,0.019837569832913543,0.0067166701140756796,-0.00015616305207357076,-0.003904991543170103,-0.009528234279814902,-0.012652296157450796,-0.014526710402999063,-0.015776300832503514,-0.01640112464854733,-0.018275538894095594,-0.018275538894095594,-0.018275538894095594,-0.01640112464854733,-0.01077788191190253,-0.004529815359213918,0.002967841622979147,0.004217432052483599,0.004217432052483599,0.004217432052483599,0.004217432052483599,0.004217432052483599,0.004842255868527413,0.004842255868527413,0.004842255868527413,0.004842255868527413,0.004842255868527413,0.004842255868527413,0.004217432052483599,0.0035926654390229617,0.002967841622979147,0.002967841622979147,0.0023430178069353325,0.0017182511934746953,0.0017182511934746953,0.0017182511934746953,0.0017182511934746953,0.0017182511934746953,0.0017182511934746953,-0.007653820034266635,-0.05326458574346884,-0.11262101778496954,-0.17697592594965442,-0.25195249577158507,-0.3494220365400949,-0.3931583880037488,-0.4231490159325211,-0.4431427488175082,-0.4543892342907978,-0.46251171508903466,-0.4637613055185391,-0.4662605435801312,-0.46751013400963565,-0.4700093720712277,-0.4731333767462805,-0.4731333767462805,-0.4731333767462805,-0.4731333767462805,-0.4731333767462805,-0.4731333767462805,-0.4731333767462805,-0.4731333767462805,-0.4731333767462805,-0.4731333767462805,-0.4700093720712277,-0.4343955014058107,-0.3725398313027179,-0.3156825801202261,-0.272571052472616,-0.23070911525451032,-0.21758821553567245,-0.2050921396328784,-0.19634489222118087,-0.1825991686862992,-0.1313651602404522,-0.09575128957503515,-0.06888472352389878,-0.048266166822867856,-0.04201810027017924,-0.037644447963038896,-0.03389561947194236,-0.030771614796889644,-0.028897200551341377,-0.02577319587628866,-0.025148372060244846,-0.02452354824420103,-0.02452354824420103,-0.02452354824420103,-0.02452354824420103,-0.02452354824420103,-0.02452354824420103,-0.02452354824420103]","[-0.2004061612215909,-0.19103408999384958,-0.17603877602946344,-0.16791629523122656,-0.16166822867853795,-0.15229615745079664,-0.14792256234623946,-0.14479850046860357,-0.13917525773195877,-0.13292724838185332,-0.12168076290856374,-0.11543269635587512,-0.11168386786477859,-0.10418621088258552,-0.09293972540929592,-0.08294283036551078,-0.07357075913776945,-0.07169634489222118,-0.07169634489222118,-0.07169634489222118,-0.07169634489222118,-0.07169634489222118,-0.0729459925243088,-0.07357075913776945,-0.07482040676985707,-0.07544517338331772,-0.07669482101540534,-0.07731958762886598,-0.07856923526095361,-0.07919400187441425,-0.08106841611996252,-0.08106841611996252,-0.08294283036551078,-0.0835676541815546,-0.0835676541815546,-0.0835676541815546,-0.0835676541815546,-0.0835676541815546,-0.0835676541815546,-0.08544206842710286,-0.09356454922533974,-0.09606373008434864,-0.095438963470888,-0.08856607310215557,-0.07919400187441425,-0.072321168708265,-0.06982193064667291,-0.07044675446271673,-0.07107157827876054,-0.072321168708265,-0.072321168708265,-0.072321168708265,-0.072321168708265,-0.0729459925243088,-0.07357075913776945,-0.07357075913776945,-0.07357075913776945,-0.07357075913776945,-0.07357075913776945,-0.07357075913776945,-0.07357075913776945,-0.07357075913776945,-0.07357075913776945,-0.07357075913776945,-0.07669482101540534,-0.10606062512813379,-0.15042174320524837,-0.19228368042335403,-0.2310215557638238,-0.2678850740613285,-0.2797563261480787,-0.2903780450079077,-0.29662605435801315,-0.30662294940179824,-0.3297407441644213,-0.34536082474226804,-0.3591065482771497,-0.37410186224153585,-0.3784755145486762,-0.384098757285321,-0.389097176205922,-0.3922211808809747,-0.3959700093720712,-0.4009684854952554,-0.40159325210871605,-0.4034676663542643,-0.4034676663542643,-0.4034676663542643,-0.4047173139863519,-0.4047173139863519,-0.4053420805998126,-0.40596690441585637]","[0,0,0,0,0,0,0,0,0,0,0,0,0,0,0,0,0,0,0,0,0,0,0,0,0,0,0,0,0,0,0,0,0,1,1,1,1,1,1,1,1,1,1,1,1,1,1,1,1,1,1,1,1,1,1,0,0,0,0,0,0,0,0,0,0,0,0,0,0,0,0,0,0,0,0,0,0,0,0,0,0,0,0,0,0,0,0,0,0,0,0,1]","[0,0,0,0,0,0,0,0,0,0,0,0,0,0,0,0,0,0,0,0,0,0,0,0,0,0,0,0,0,0,0,0,0,0,0,0,0,0,0,0,0,0,0,0,0,0,0,0,0,0,0,0,0,0,0,0,0,0,0,0,0,0,0,0,0,0,0,0,0,0,0,0,0,0,0,0,0,0,0,0,0,0,0,0,0,0,0,0,0,0,0,0]","[0,0,0,0,0,0,0,0,0,0,0,0,0,0,0,0,0,0,0,0,0,0,0,0,0,0,0,0,0,0,0,0,0,0,0,0,0,0,0,0,0,0,0,0,0,0,0,0,0,0,0,0,0,0,0,0,0,0,0,0,0,0,0,0,0,0,0,0,0,0,0,0,0,0,0,0,0,0,0,0,0,0,0,0,0,0,0,0,0,0,0,0]","[0.00010000002384202844,0.013300000071525986,0.029800000071524835,0.046499999999999986,0.06300000000000061,0.08030000007152616,0.09639999997615867,0.11330000007152563,0.13000000000000078,0.14700000000000024,0.16330000007152634,0.17999999999999972,0.19660000002384237,0.21339999997615777,0.23020000004768448,0.24600000000000044,0.26320000004768396,0.27999999999999936,0.29630000007152546,0.3133000000715249,0.3297000000476835,0.34620000004768414,0.36339999997615813,0.3803000000715251,0.39700000000000024,0.41339999997615884,0.4299999999999997,0.44660000002384237,0.4633000000715253,0.4798000000715259,0.49670000004768333,0.513300000071526,0.5302000000476834,0.5462000000476834,0.5643000000715261,0.5801000000238421,0.5966000000238427,0.6137000000476842,0.6298000000715263,0.6468000000715257,0.6631000000238423,0.6797000000476832,0.6963999999761583,0.7132000000476832,0.7302000000476845,0.7468000000715254,0.7633999999761585,0.7801000000238414,0.7968999999761586,0.8133999999761574,0.8300000000000001,0.8468999999761575,0.8637000000476842,0.8798999999761588,0.8961000000238428,0.9128999999761582,0.9306000000238424,0.9466000000238424,0.9628999999761589,0.9797000000476839,0.996399999976159,1.0128000000715254,1.0295000000000005,1.046800000071526,1.0636000000238415,1.0827000000476836,1.0965000000000007,1.1128999999761575,1.1298000000715263,1.1464999999999996,1.1630000000000003,1.1798000000715252,1.1965000000000003,1.212899999976159,1.2297000000476839,1.247100000023842,1.2633999999761585,1.2799999999999994,1.2965,1.3131000000238426,1.330100000023842,1.346700000047683,1.3633000000715256,1.380200000047683,1.3971000000238423,1.4133000000715263,1.4295000000000009,1.4465000000000003,1.4634999999999998,1.4797000000476839,1.4968999999761579,1.5126000000238413]","[""polygon_submitbutton"",""polygon_submitbutton"",""polygon_submitbutton"",""polygon_submitbutton"",""polygon_submitbutton"",""polygon_submitbutton"",""polygon_submitbutton"",""polygon_submitbutton"",""polygon_submitbutton"",""polygon_submitbutton"",""polygon_submitbutton"",""polygon_submitbutton"",""polygon_submitbutton"",""polygon_submitbutton"",""polygon_submitbutton""]",2,0,2,0,1,0.331583434,22,alone,0,1.516
,BON001,2023-12-18_12h42.25.408,willingness2pay,2023.2.2,Win32,59.65519298,uk,"[0.06607310215557638,0.09044048734770384,0.11918152484697164,0.1266791818291647,0.12855359607471298,0.1291784198907568,0.1291784198907568,0.1291784198907568,0.1291784198907568,0.1291784198907568,0.1291784198907568,0.1291784198907568,0.1291784198907568,0.12730400564520852,0.12230552952202436,0.11668228678537956,0.10481103469862933,0.09668855390039245,0.08106841611996252,0.072321168708265,0.067322749787664,0.06419868791002811,0.06357392129656748,0.06357392129656748,0.06357392129656748,0.06357392129656748,0.06357392129656748,0.06357392129656748,0.06419868791002811,0.06419868791002811,0.06419868791002811,0.06419868791002811,0.06419868791002811,0.1316776007497657,0.22164948453608246,0.3091221874633904,0.39721965700415884,0.5028116213683224,0.5390503730523665,0.5584192821213098,0.5677913533490511,0.57029053420806,0.5715401818401477,0.5715401818401477,0.5721649484536082,0.5734145960856959,0.5790378388223407,0.5834114339268979,0.5859107291910731,0.5859107291910731,0.5859107291910731,0.5859107291910731,0.5859107291910731,0.5821619006999765,0.5459231490159325,0.485941893158388,0.42283668982837397,0.355982543602097,0.2678850740613285,0.22102471792262185,0.15854422400348525,0.11918152484697164,0.08419247799759841,0.04920337394564199,0.035457707613343485,0.027335226815106608,0.021087160262417994,0.018587979403409092,0.014214327096268744,0.011715089034676664,0.0054670796845712275,-0.004529815359213918,-0.008903467666354265,-0.011402648525363168,-0.012027472341406982,-0.012027472341406982,-0.013277062770911435,-0.013277062770911435]","[-0.1429240862230553,-0.10918462980318651,-0.06982193064667291,-0.05857544517338332,-0.054826616682286784,-0.05420185006882615,-0.05357702625278234,-0.05357702625278234,-0.05357702625278234,-0.05357702625278234,-0.05357702625278234,-0.05357702625278234,-0.05357702625278234,-0.054826616682286784,-0.05670103092783505,-0.05857544517338332,-0.06232427366447985,-0.06482351172607193,-0.0729459925243088,-0.07856923526095361,-0.08169323993600633,-0.0835676541815546,-0.08419247799759841,-0.08481724461105905,-0.08481724461105905,-0.08606689224314668,-0.0866916588566073,-0.0866916588566073,-0.08731648267265113,-0.08731648267265113,-0.08731648267265113,-0.08731648267265113,-0.08731648267265113,-0.09044048734770384,-0.095438963470888,-0.1010622062075328,-0.10980945361923032,-0.12293035333806818,-0.1291784198907568,-0.1323024245658095,-0.13292724838185332,-0.13292724838185332,-0.13292724838185332,-0.13292724838185332,-0.13292724838185332,-0.1323024245658095,-0.12980318650421743,-0.12855359607471298,-0.12792877225866917,-0.12792877225866917,-0.12792877225866917,-0.12792877225866917,-0.12792877225866917,-0.12855359607471298,-0.14354891003909911,-0.15666980975793698,-0.17291471415182755,-0.19603250891445057,-0.2366447985004686,-0.26226183132468367,-0.3003748828491096,-0.3216182633661844,-0.3416119962511715,-0.3641049671977507,-0.3697282099343955,-0.373477038425492,-0.3759762764870841,-0.3778506907326324,-0.3815995192237289,-0.3865979381443299,-0.3953452427586106,-0.40846614247744845,-0.412214970968545,-0.41346456139804943,-0.4140893852140933,-0.4140893852140933,-0.4140893852140933,-0.4140893852140933]","[0,0,0,0,0,0,0,0,0,0,0,0,0,0,0,0,0,0,0,0,0,0,0,0,0,0,0,0,0,1,1,1,1,1,1,1,1,1,1,1,1,1,1,1,1,1,1,1,1,0,0,0,0,0,0,0,0,0,0,0,0,0,0,0,0,0,0,0,0,0,0,0,0,0,0,0,0,1]","[0,0,0,0,0,0,0,0,0,0,0,0,0,0,0,0,0,0,0,0,0,0,0,0,0,0,0,0,0,0,0,0,0,0,0,0,0,0,0,0,0,0,0,0,0,0,0,0,0,0,0,0,0,0,0,0,0,0,0,0,0,0,0,0,0,0,0,0,0,0,0,0,0,0,0,0,0,0]","[0,0,0,0,0,0,0,0,0,0,0,0,0,0,0,0,0,0,0,0,0,0,0,0,0,0,0,0,0,0,0,0,0,0,0,0,0,0,0,0,0,0,0,0,0,0,0,0,0,0,0,0,0,0,0,0,0,0,0,0,0,0,0,0,0,0,0,0,0,0,0,0,0,0,0,0,0,0]","[0,0.013200000047683957,0.03010000002384139,0.04699999999999882,0.06349999999999945,0.0804999999999989,0.09699999999999953,0.11330000007152563,0.129999999999999,0.14649999999999963,0.16290000009536776,0.17990000009536722,0.19640000009536784,0.21360000002384183,0.23049999999999926,0.24670000004768333,0.2638000000715248,0.2804000000953675,0.29680000007152607,0.3136000000238415,0.3303000000715244,0.346700000047683,0.3695000000000004,0.3798000000715245,0.3967000000476837,0.4136000000238411,0.4302000000476838,0.4467000000476826,0.46370000004768386,0.47990000009536793,0.4974000000953662,0.5136000000238408,0.5298000000715248,0.546600000023842,0.5634999999999994,0.5800000000000001,0.5964000000953664,0.6132000000476836,0.6299000000953665,0.6468000000715257,0.6633000000715246,0.6804000000953678,0.6969000000953667,0.7133000000715253,0.7304999999999993,0.7469000000953674,0.763300000071526,0.7802000000476834,0.7965,0.8128000000715261,0.8304999999999989,0.8464999999999989,0.8633000000715256,0.8806000000238416,0.8968000000715257,0.9134999999999991,0.9305000000000003,0.9466000000238424,0.9636000000238418,0.9803000000715247,0.997300000071526,1.013200000047684,1.0298000000715248,1.0469999999999988,1.0636000000238415,1.0803000000715244,1.096900000095367,1.1135000000000002,1.129999999999999,1.1471000000238423,1.1636000000238411,1.1799999999999997,1.1971000000238412,1.2133000000715253,1.2297000000476839,1.2464999999999993,1.2634000000953662,1.2796000000238408]","[""polygon_submitbutton"",""polygon_submitbutton"",""polygon_submitbutton"",""polygon_submitbutton"",""polygon_submitbutton"",""polygon_submitbutton"",""polygon_submitbutton"",""polygon_submitbutton"",""polygon_submitbutton"",""polygon_submitbutton"",""polygon_submitbutton"",""polygon_submitbutton"",""polygon_submitbutton""]",3,0,3,0,1,0.258746738,7,alone,100,1.2826
,BON001,2023-12-18_12h42.25.408,willingness2pay,2023.2.2,Win32,59.65519298,uk,"[-0.018275538894095594,-0.018275538894095594,-0.018275538894095594,-0.018275538894095594,-0.018275538894095594,-0.018275538894095594,-0.018275538894095594,-0.018275538894095594,-0.018275538894095594,-0.018275538894095594,-0.018275538894095594,-0.018275538894095594,-0.018275538894095594,-0.018275538894095594,-0.018275538894095594,-0.018275538894095594,-0.018275538894095594,-0.018275538894095594,-0.018275538894095594,-0.018275538894095594,-0.018275538894095594,-0.018275538894095594,-0.01765071507805178,-0.01765071507805178,-0.01765071507805178,-0.01765071507805178,-0.01765071507805178,-0.01765071507805178,-0.09637611339107896,-0.18384875911580364,-0.28256794751640113,-0.34317399858869785,-0.40690408293733893,-0.4662605435801312,-0.5087472474116975,-0.540612289586018,-0.5456107371079106,-0.5468603561387066,-0.5474851513534589,-0.5474851513534589,-0.5474851513534589,-0.5474851513534589,-0.5474851513534589,-0.5474851513534589,-0.5474851513534589,-0.5474851513534589,-0.5474851513534589,-0.5456107371079106,-0.520618556701031,-0.48188065275926956,-0.443767572633552,-0.3950328022492971,-0.35629489830753575,-0.3181818181818182,-0.2631989812448747,-0.23445794374560683,-0.20759137769447047,-0.17697592594965442,-0.15760695967812793,-0.13261480787253982,-0.11824426052161434,-0.10387377037327203,-0.09012804683839035,-0.08263038985619728,-0.07638238050609185,-0.05888782848011364,-0.04326769069968369,-0.01765071507805178,-0.006404229604762184,-0.002030577297621837,-0.0007809868681173852,-0.00015616305207357076,-0.00015616305207357076,-0.00015616305207357076,-0.00015616305207357076,-0.00015616305207357076,-0.00015616305207357076,-0.00015616305207357076]","[-0.10231179663703725,-0.1010622062075328,-0.10043738239148899,-0.10043738239148899,-0.10043738239148899,-0.10043738239148899,-0.10043738239148899,-0.10043738239148899,-0.10043738239148899,-0.10043738239148899,-0.10043738239148899,-0.10043738239148899,-0.10043738239148899,-0.10043738239148899,-0.10043738239148899,-0.10043738239148899,-0.10043738239148899,-0.10043738239148899,-0.10043738239148899,-0.10043738239148899,-0.10043738239148899,-0.10043738239148899,-0.10043738239148899,-0.10043738239148899,-0.10043738239148899,-0.10043738239148899,-0.10043738239148899,-0.10043738239148899,-0.10481103469862933,-0.11168386786477859,-0.1179319344174672,-0.12417994376757263,-0.1323024245658095,-0.1429240862230553,-0.15292098126684045,-0.15666980975793698,-0.15666980975793698,-0.15666980975793698,-0.15666980975793698,-0.15666980975793698,-0.15666980975793698,-0.15666980975793698,-0.15666980975793698,-0.15666980975793698,-0.15666980975793698,-0.15666980975793698,-0.15666980975793698,-0.15666980975793698,-0.16791629523122656,-0.18541084725720477,-0.20290534208059982,-0.2285223749048149,-0.24664169354425375,-0.26413624557023196,-0.28975322119186386,-0.30287412091070176,-0.31537019681349576,-0.33099033459392574,-0.34223682006721534,-0.35348330554050494,-0.3572321340316015,-0.3591065482771497,-0.35973137209319356,-0.3616057863387418,-0.3622305529522024,-0.36597938144329895,-0.3703530337504393,-0.38034992879422447,-0.38597317153086924,-0.38847235238987815,-0.3897220000219658,-0.3897220000219658,-0.3897220000219658,-0.39034676663542645,-0.39034676663542645,-0.39159641426751407,-0.3922211808809747,-0.3922211808809747]","[0,0,0,0,0,0,0,0,0,0,0,0,0,0,0,0,0,0,0,0,0,0,1,1,1,1,1,1,1,1,1,1,1,1,1,1,1,1,1,1,1,1,0,0,0,0,0,0,0,0,0,0,0,0,0,0,0,0,0,0,0,0,0,0,0,0,0,0,0,0,0,0,0,0,0,0,0,1]","[0,0,0,0,0,0,0,0,0,0,0,0,0,0,0,0,0,0,0,0,0,0,0,0,0,0,0,0,0,0,0,0,0,0,0,0,0,0,0,0,0,0,0,0,0,0,0,0,0,0,0,0,0,0,0,0,0,0,0,0,0,0,0,0,0,0,0,0,0,0,0,0,0,0,0,0,0,0]","[0,0,0,0,0,0,0,0,0,0,0,0,0,0,0,0,0,0,0,0,0,0,0,0,0,0,0,0,0,0,0,0,0,0,0,0,0,0,0,0,0,0,0,0,0,0,0,0,0,0,0,0,0,0,0,0,0,0,0,0,0,0,0,0,0,0,0,0,0,0,0,0,0,0,0,0,0,0]","[0.00010000002384202844,0.013500000000000512,0.030399999976157943,0.04670000004768404,0.0637000000476835,0.0801000000238421,0.09620000004768414,0.1132000000476836,0.12970000004768423,0.14649999999999963,0.1634999999999991,0.1798999999761577,0.19670000004768262,0.21339999997615777,0.23010000002384068,0.24670000004768333,0.2633999999761585,0.27999999999999936,0.29639999997615796,0.3133999999761574,0.32989999997615804,0.3468999999761575,0.36549999999999905,0.3803999999761576,0.39739999997615705,0.41339999997615706,0.4298999999761577,0.44689999997615715,0.4638999999761584,0.48049999999999926,0.49680000007152536,0.513200000047684,0.5298999999761573,0.5468000000715261,0.5636000000238415,0.5801000000238421,0.5969999999999995,0.6138000000715245,0.630100000023841,0.6466000000238417,0.6633999999761571,0.6801000000238417,0.6966000000238424,0.7146000000238413,0.7298000000715259,0.7462000000476827,0.7635000000000005,0.780600000023842,0.7969999999999988,0.8138000000715255,0.8303000000715244,0.8469999999999995,0.8637000000476842,0.880100000023841,0.8971000000238423,0.9137000000476831,0.9302000000476838,0.9465000000000003,0.9633000000715253,0.9801000000238407,0.9969999999999999,1.014700000047684,1.0303000000715254,1.0472000000476829,1.0633999999761574,1.0803999999761587,1.0973000000715256,1.1136000000238422,1.130100000023841,1.1467000000476837,1.163499999999999,1.1798999999761577,1.1965000000000003,1.2137000000476839,1.229800000071526,1.248800000071526,1.2633999999761585,1.2796000000238408]","[""polygon_submitbutton"",""polygon_submitbutton"",""polygon_submitbutton"",""polygon_submitbutton"",""polygon_submitbutton"",""polygon_submitbutton"",""polygon_submitbutton"",""polygon_submitbutton"",""polygon_submitbutton"",""polygon_submitbutton"",""polygon_submitbutton"",""polygon_submitbutton""]",4,0,4,0,1,0.9,6,alone,0,1.2828
,BON001,2023-12-18_12h42.25.408,willingness2pay,2023.2.2,Win32,59.65519298,uk,"[0.07544517338331772,0.07044675446271673,0.06419868791002811,0.05982509280547094,0.0554514404983306,0.054826616682286784,0.05420185006882615,0.05357702625278234,0.05295220243673852,0.05232743582327788,0.05170261200723407,0.05170261200723407,0.05170261200723407,0.05170261200723407,0.050453021577729615,0.045454545454545456,0.03920653610444002,0.03358329336779522,0.030459231490159326,0.029834464876698687,0.029209641060654875,0.029209641060654875,0.029209641060654875,0.029209641060654875,0.029209641060654875,0.02858481724461106,0.02858481724461106,0.02858481724461106,0.02858481724461106,0.04670419308663308,0.13105283413630506,0.22164948453608246,0.35098406747891286,0.43345829428303656,0.5096845117370549,0.5390503730523665,0.5927835051546392,0.6090284667511129,0.614026942874297,0.6159013571198454,0.6184005379788543,0.6202749522244025,0.6227741330834115,0.624023780715499,0.6246485473289597,0.6246485473289597,0.6252734283475867,0.6252734283475867,0.6252734283475867,0.6252734283475867,0.6252734283475867,0.6121525286287488,0.5765386579633318,0.5184318163513355,0.43033434681056704,0.36910344332093487,0.2891283973758201,0.25039057923793345,0.22414877980025774,0.19728209934395502,0.1635426429240862,0.13980008154800258,0.11418310592637067,0.1010622062075328,0.08294283036551078,0.07482040676985707,0.06857234021716846,0.05670103092783505,0.047953783516137535,0.039831302717900655,0.03483288379729967,0.02796005063115042,0.02421122214005389,0.01608874134181701,0.008591084359623946,-0.00015616305207357076,-0.006404229604762184,-0.006404229604762184,-0.006404229604762184,-0.007029053420805998]","[-0.11543269635587512,-0.11293345829428304,-0.10980945361923032,-0.10606062512813379,-0.10168697282099344,-0.10043738239148899,-0.09981255857544517,-0.09918779196198453,-0.09856296814594072,-0.0979381443298969,-0.0979381443298969,-0.0979381443298969,-0.09731337771643626,-0.09731337771643626,-0.09731337771643626,-0.09481413965484418,-0.08981572073424321,-0.08606689224314668,-0.08419247799759841,-0.0835676541815546,-0.0835676541815546,-0.0835676541815546,-0.0835676541815546,-0.0835676541815546,-0.0835676541815546,-0.0835676541815546,-0.0835676541815546,-0.0835676541815546,-0.0835676541815546,-0.0835676541815546,-0.08481724461105905,-0.09356454922533974,-0.1148078725398313,-0.13417683881135778,-0.15292098126684045,-0.15979381443298968,-0.16854111904727037,-0.16854111904727037,-0.16729147141518275,-0.16541705716963448,-0.1635426429240862,-0.16041863824903352,-0.15854422400348525,-0.1579194001874414,-0.1572946335739808,-0.15666980975793698,-0.15604498594189317,-0.15604498594189317,-0.15604498594189317,-0.15604498594189317,-0.15604498594189317,-0.16104346206507733,-0.17353953796787136,-0.1891596757483013,-0.20977823244933225,-0.22914714151827553,-0.2635114217541881,-0.2847548022712629,-0.3022492970946579,-0.31724461105904406,-0.33411433926897843,-0.34661047237435566,-0.3584817244611059,-0.36535461482983833,-0.373477038425492,-0.37660110030312793,-0.3809746954076851,-0.38784758577641754,-0.3928460046970185,-0.3978444236176195,-0.4009684854952554,-0.40221807592475983,-0.4028428997408037,-0.4053420805998126,-0.40846614247744845,-0.41283973758200565,-0.41533897564359773,-0.41533897564359773,-0.41533897564359773,-0.41533897564359773]","[0,0,0,0,0,0,0,0,0,0,0,0,0,0,0,0,0,0,0,0,0,0,0,0,0,1,1,1,1,1,1,1,1,1,1,1,1,1,1,1,1,1,1,1,1,1,1,0,0,0,0,0,0,0,0,0,0,0,0,0,0,0,0,0,0,0,0,0,0,0,0,0,0,0,0,0,0,0,0,1]","[0,0,0,0,0,0,0,0,0,0,0,0,0,0,0,0,0,0,0,0,0,0,0,0,0,0,0,0,0,0,0,0,0,0,0,0,0,0,0,0,0,0,0,0,0,0,0,0,0,0,0,0,0,0,0,0,0,0,0,0,0,0,0,0,0,0,0,0,0,0,0,0,0,0,0,0,0,0,0,0]","[0,0,0,0,0,0,0,0,0,0,0,0,0,0,0,0,0,0,0,0,0,0,0,0,0,0,0,0,0,0,0,0,0,0,0,0,0,0,0,0,0,0,0,0,0,0,0,0,0,0,0,0,0,0,0,0,0,0,0,0,0,0,0,0,0,0,0,0,0,0,0,0,0,0,0,0,0,0,0,0]","[0.00010000002384202844,0.014000000000001123,0.03049999999999997,0.04719999992847512,0.06410000002384209,0.08089999997615926,0.09710000002384156,0.11360000002384218,0.13049999999999962,0.1472999999523168,0.16339999997615884,0.18019999992847424,0.19719999992847548,0.21369999992847433,0.2306000000238413,0.2471999999284744,0.2640000000000011,0.28049999999999997,0.2973999999761592,0.31400000000000006,0.3306000000238427,0.34710000002384156,0.3636000000238422,0.37989999997615875,0.39669999992847416,0.4136000000238429,0.43139999997615774,0.44739999997615776,0.4633999999761578,0.48019999992847495,0.4971000000238419,0.513699999928475,0.530600000023842,0.5471000000238426,0.563799999952316,0.5806000000238427,0.5967999999523173,0.6136999999284747,0.6306000000238416,0.6475000000000009,0.6636999999284754,0.6803999999761583,0.697100000023843,0.7136999999284743,0.730299999952317,0.7473999999761585,0.7638999999761591,0.7803999999761579,0.7976000000238415,0.8136000000238415,0.8302999999523166,0.8475000000000001,0.8640000000000008,0.8803999999761576,0.8971999999284748,0.9139999999999997,0.9303999999761583,0.9474999999999998,0.9638999999761584,0.9806000000238413,0.9992999999523171,1.0131999999284744,1.0301000000238414,1.0471999999284751,1.063899999976158,1.0806000000238427,1.097299999952316,1.1141999999284753,1.1306000000238416,1.1473999999761588,1.1636999999284754,1.181000000000001,1.197100000023843,1.2137999999523164,1.2301000000238407,1.2468999999761596,1.264299999952316,1.2805000000000017,1.2969999999999988,1.3134999999999994]","[""polygon_submitbutton"",""polygon_submitbutton"",""polygon_submitbutton"",""polygon_submitbutton"",""polygon_submitbutton"",""polygon_submitbutton"",""polygon_submitbutton"",""polygon_submitbutton"",""polygon_submitbutton"",""polygon_submitbutton"",""polygon_submitbutton"",""polygon_submitbutton"",""polygon_submitbutton"",""polygon_submitbutton"",""polygon_submitbutton"",""polygon_submitbutton""]",5,0,5,0,1,0.574291479,11,together,100,1.3164
,BON001,2023-12-18_12h42.25.408,willingness2pay,2023.2.2,Win32,59.65519298,uk,"[0.03108405530620314,0.03795688847235239,0.04607936927058927,0.047953783516137535,0.047953783516137535,0.04670419308663308,0.04607936927058927,0.04295536459553655,0.04170571696344892,0.04170571696344892,0.041080950349988286,0.041080950349988286,0.041080950349988286,0.040456126533944474,0.040456126533944474,0.040456126533944474,0.040456126533944474,0.03920653610444002,0.03858171228839621,0.03670729804284794,0.03170887912224695,0.02796005063115042,0.027335226815106608,0.026085636385602157,0.02546081256955834,0.02421122214005389,0.021087160262417994,0.01483915091231256,0.012964736666764292,0.012339912850720478,0.012339912850720478,0.012339912850720478,0.011090322421216027,0.010465498605172211,0.010465498605172211,0.010465498605172211,0.009840674789128397,0.009840674789128397,0.009840674789128397,0.009840674789128397,0.009840674789128397,0.009840674789128397,0.009840674789128397,0.009840674789128397,0.009840674789128397,0.009840674789128397,0.009840674789128397,0.009840674789128397,0.009840674789128397,0.009840674789128397,0.004842255868527413,-0.1001249418821755,-0.1913464160979967,-0.2875663664370021,-0.39128397375820057,-0.48375506700481785,-0.5681037080544898,-0.590596679001069,-0.5974695407685099,-0.5987191454986601,-0.5980943359832621,-0.5974695407685099,-0.5968447312531118,-0.5955951265229615,-0.5943455074921655,-0.5937207122774133,-0.5937207122774133,-0.5924710932466173,-0.5887222647555207,-0.5681037080544898,-0.5487347703842549,-0.5149953139643861,-0.48687910028116216,-0.4537644390760456,-0.39628239267880155,-0.3506716555708909,-0.2925647853576031,-0.19009682566849226,-0.12261791282875469,-0.05326458574346884,-0.03577003371749063,-0.028272376735297564,-0.02577319587628866,-0.023898781630740395,-0.0207747197531045,-0.018275538894095594,-0.018275538894095594,-0.017025891262007965,-0.01765071507805178,-0.0207747197531045,-0.02327395781469658,-0.02452354824420103,-0.025148372060244846,-0.025148372060244846,-0.025148372060244846,-0.025148372060244846]","[-0.299750116235649,-0.2703842549203374,-0.220399894106578,-0.19540768509840675,-0.17416436178391517,-0.15354580508288426,-0.14354891003909911,-0.13605125305690605,-0.1348016626274016,-0.1348016626274016,-0.1348016626274016,-0.1348016626274016,-0.1348016626274016,-0.1348016626274016,-0.1348016626274016,-0.1348016626274016,-0.1348016626274016,-0.1348016626274016,-0.1348016626274016,-0.13542642924086223,-0.13542642924086223,-0.13542642924086223,-0.1348016626274016,-0.13417683881135778,-0.13417683881135778,-0.13292724838185332,-0.1291784198907568,-0.12168076290856374,-0.11855670103092783,-0.11730711060142339,-0.11730711060142339,-0.11730711060142339,-0.11605752017191893,-0.11543269635587512,-0.11543269635587512,-0.11418310592637067,-0.11355828211032686,-0.11355828211032686,-0.11355828211032686,-0.11355828211032686,-0.11355828211032686,-0.11355828211032686,-0.11355828211032686,-0.11355828211032686,-0.11355828211032686,-0.11355828211032686,-0.11355828211032686,-0.11355828211032686,-0.11355828211032686,-0.11355828211032686,-0.11355828211032686,-0.12980318650421743,-0.14229931960959466,-0.15479539551238872,-0.1660418809856783,-0.17291471415182755,-0.18103719495006443,-0.18103719495006443,-0.17978760452055997,-0.17978760452055997,-0.17978760452055997,-0.17978760452055997,-0.17978760452055997,-0.17978760452055997,-0.17978760452055997,-0.18041237113402062,-0.18041237113402062,-0.18166201876610824,-0.18541084725720477,-0.19665733273049438,-0.2060294039582357,-0.21852547986102977,-0.22414872259767454,-0.22789755108877108,-0.23539520807096415,-0.24664169354425375,-0.26288659793814434,-0.2960012877445525,-0.3216182633661844,-0.3591065482771497,-0.3709778575664831,-0.3753514526710403,-0.3759762764870841,-0.3759762764870841,-0.3759762764870841,-0.3753514526710403,-0.3753514526710403,-0.3753514526710403,-0.3778506907326324,-0.3828491096532334,-0.3872227619603737,-0.389097176205922,-0.3897220000219658,-0.3897220000219658,-0.39034676663542645,-0.39034676663542645]","[0,0,0,0,0,0,0,0,0,0,0,0,0,0,0,0,0,0,0,0,0,0,0,0,0,0,0,0,0,0,0,0,0,0,0,0,0,0,1,1,1,1,1,1,1,1,1,1,1,1,1,1,1,1,1,1,1,1,1,1,1,1,1,1,1,0,0,0,0,0,0,0,0,0,0,0,0,0,0,0,0,0,0,0,0,0,0,0,0,0,0,0,0,0,0,1]","[0,0,0,0,0,0,0,0,0,0,0,0,0,0,0,0,0,0,0,0,0,0,0,0,0,0,0,0,0,0,0,0,0,0,0,0,0,0,0,0,0,0,0,0,0,0,0,0,0,0,0,0,0,0,0,0,0,0,0,0,0,0,0,0,0,0,0,0,0,0,0,0,0,0,0,0,0,0,0,0,0,0,0,0,0,0,0,0,0,0,0,0,0,0,0,0]","[0,0,0,0,0,0,0,0,0,0,0,0,0,0,0,0,0,0,0,0,0,0,0,0,0,0,0,0,0,0,0,0,0,0,0,0,0,0,0,0,0,0,0,0,0,0,0,0,0,0,0,0,0,0,0,0,0,0,0,0,0,0,0,0,0,0,0,0,0,0,0,0,0,0,0,0,0,0,0,0,0,0,0,0,0,0,0,0,0,0,0,0,0,0,0,0]","[0,0.014000000000002899,0.03100000000000236,0.047399999976160956,0.06400000000000006,0.08089999997616282,0.09729999995232141,0.11379999995231849,0.13079999995231795,0.14720000004768785,0.16410000002384528,0.18070000004768794,0.19689999997616248,0.21420000004768802,0.23039999997616256,0.2471000000238437,0.26389999997616265,0.2807999999523201,0.2972999999523207,0.3157999999523202,0.33050000000000246,0.3475000000000019,0.3642000000476866,0.3806000000238452,0.3973999999761606,0.4142000000476873,0.4305000000000039,0.44750000000000334,0.464100000023846,0.48070000004768865,0.4971000000238437,0.5137000000476863,0.5305000000000017,0.5473999999761627,0.563700000047687,0.5807999999523208,0.5975000000000019,0.6137999999523185,0.6303999999761611,0.6486000000238459,0.6643999999761601,0.6806000000238459,0.6975000000000033,0.714000000000004,0.7322000000476887,0.7470000000000017,0.7637999999523206,0.7803999999761633,0.7972999999523207,0.813600000023845,0.8306000000238445,0.8472000000476871,0.8640000000000025,0.88089999997616,0.8975000000000026,0.9138999999761612,0.9307999999523187,0.9473999999761613,0.9637999999523199,0.9805000000000046,0.9972000000476857,1.0141000000238467,1.030899999976162,1.0473999999761627,1.0640000000000018,1.0805000000000025,1.0980000000000043,1.114500000000005,1.1306000000238452,1.147799999952321,1.164299999952318,1.180700000047688,1.1976000000238454,1.214100000023846,1.2307000000476886,1.247600000023846,1.2641000000238467,1.2810000000000041,1.2972000000476864,1.3141000000238439,1.3307000000476865,1.3472999999523214,1.3642999999523209,1.3807000000476872,1.3973999999761606,1.4142000000476873,1.4302999999523198,1.4476000000238454,1.464100000023846,1.4807000000476886,1.497399999976162,1.5141000000238467,1.53079999995232,1.5471000000238444,1.5641000000238439,1.5802000000476877]","[""polygon_submitbutton"",""polygon_submitbutton"",""polygon_submitbutton"",""polygon_submitbutton"",""polygon_submitbutton"",""polygon_submitbutton"",""polygon_submitbutton"",""polygon_submitbutton"",""polygon_submitbutton"",""polygon_submitbutton"",""polygon_submitbutton"",""polygon_submitbutton"",""polygon_submitbutton"",""polygon_submitbutton"",""polygon_submitbutton"",""polygon_submitbutton""]",6,0,6,0,1,0.201365764,15,together,0,1.5826
,BON001,2023-12-18_12h42.25.408,willingness2pay,2023.2.2,Win32,59.65519298,uk,"[-0.025148372060244846,-0.025148372060244846,-0.025148372060244846,-0.025148372060244846,-0.025148372060244846,-0.025148372060244846,-0.025148372060244846,0.001093427377430881,0.023586398324010074,0.03920653610444002,0.0554514404983306,0.06169950705101921,0.067322749787664,0.07044675446271673,0.07357075913776945,0.07482040676985707,0.07482040676985707,0.07482040676985707,0.07482040676985707,0.07357075913776945,0.06794751640112465,0.056076264314374416,0.044204955025041,0.04170571696344892,0.041080950349988286,0.040456126533944474,0.040456126533944474,0.032958469551751406,0.022336807894505623,0.01608874134181701,0.004217432052483599,0.0035926654390229617,0.002967841622979147,0.002967841622979147,0.002967841622979147,0.002967841622979147,0.002967841622979147,0.0023430178069353325,0.0023430178069353325,0.0023430178069353325,0.05920026898942713,0.09418931583880037,0.18166201876610824,0.23602003188700796,0.28225562141225397,0.3478601200064433,0.38347399067186033,0.4072164948453608,0.42783505154639173,0.4472040750205014,0.47032181258054123,0.4796938838082826,0.486566774177015,0.4896907216494845,0.49094036928157214,0.4915651358950328,0.4915651358950328,0.4915651358950328,0.4915651358950328,0.4915651358950328,0.4915651358950328,0.4915651358950328,0.4915651358950328,0.4915651358950328,0.48156829805383083,0.4459544273884138,0.37660110030312793,0.3447360581288074,0.3072477732178421,0.24726651736029756,0.20977823244933225,0.15666980975793698,0.1291784198907568,0.09856296814594072,0.06919716403321227,0.057325854743878864,0.04920337394564199,0.041080950349988286,0.03483288379729967,0.019212746016869727,0.007341493930119494,-0.00015616305207357076,-0.005779405788718369,-0.00827864385031045,-0.00827864385031045,-0.00827864385031045,-0.00827864385031045,-0.00827864385031045,-0.00827864385031045,-0.008903467666354265]","[-0.39034676663542645,-0.39034676663542645,-0.39034676663542645,-0.39034676663542645,-0.39034676663542645,-0.39034676663542645,-0.39034676663542645,-0.33973758200562326,-0.2822555642096708,-0.23539520807096415,-0.19228368042335403,-0.17416436178391517,-0.15979381443298968,-0.14979697659178773,-0.13917525773195877,-0.13042801032026125,-0.13042801032026125,-0.1291784198907568,-0.1291784198907568,-0.1291784198907568,-0.12855359607471298,-0.1266791818291647,-0.123555177154112,-0.12293035333806818,-0.12230552952202436,-0.12230552952202436,-0.12230552952202436,-0.12105593909251991,-0.11918152484697164,-0.11730711060142339,-0.11355828211032686,-0.11355828211032686,-0.11355828211032686,-0.11355828211032686,-0.11355828211032686,-0.11355828211032686,-0.11355828211032686,-0.1123086916808224,-0.1123086916808224,-0.1123086916808224,-0.09418931583880037,-0.08794130648869494,-0.07669482101540534,-0.07544517338331772,-0.07606999719936153,-0.08044364950650187,-0.08419247799759841,-0.08794130648869494,-0.09418931583880037,-0.09918779196198453,-0.10418621088258552,-0.10606062512813379,-0.10731021555763824,-0.10731021555763824,-0.10731021555763824,-0.10731021555763824,-0.10731021555763824,-0.10731021555763824,-0.10731021555763824,-0.10731021555763824,-0.10731021555763824,-0.10731021555763824,-0.10731021555763824,-0.10731021555763824,-0.1148078725398313,-0.1379256673024543,-0.18728526150275304,-0.2110278228788367,-0.23477038425492033,-0.26913466449083295,-0.2910028116213683,-0.31786943487508784,-0.32911592034837744,-0.3447360581288074,-0.36285537676824625,-0.3697282099343955,-0.37472668605757964,-0.37910028116213684,-0.3828491096532334,-0.3953452427586106,-0.4047173139863519,-0.4115901471525012,-0.41533897564359773,-0.41721338988914597,-0.4178382137051898,-0.4178382137051898,-0.4178382137051898,-0.4178382137051898,-0.4178382137051898,-0.4178382137051898]","[0,0,0,0,0,0,0,0,0,0,0,0,0,0,0,0,0,0,0,0,0,0,0,0,0,0,0,0,0,0,0,0,0,0,0,0,0,0,1,1,1,1,1,1,1,1,1,1,1,1,1,1,1,1,1,1,0,0,0,0,0,0,0,0,0,0,0,0,0,0,0,0,0,0,0,0,0,0,0,0,0,0,0,0,0,0,0,0,0,1]","[0,0,0,0,0,0,0,0,0,0,0,0,0,0,0,0,0,0,0,0,0,0,0,0,0,0,0,0,0,0,0,0,0,0,0,0,0,0,0,0,0,0,0,0,0,0,0,0,0,0,0,0,0,0,0,0,0,0,0,0,0,0,0,0,0,0,0,0,0,0,0,0,0,0,0,0,0,0,0,0,0,0,0,0,0,0,0,0,0,0]","[0,0,0,0,0,0,0,0,0,0,0,0,0,0,0,0,0,0,0,0,0,0,0,0,0,0,0,0,0,0,0,0,0,0,0,0,0,0,0,0,0,0,0,0,0,0,0,0,0,0,0,0,0,0,0,0,0,0,0,0,0,0,0,0,0,0,0,0,0,0,0,0,0,0,0,0,0,0,0,0,0,0,0,0,0,0,0,0,0,0]","[0.00010000002384202844,0.013699999928476814,0.030399999976157943,0.047699999928475734,0.0633999999761592,0.08039999997615865,0.09689999997615928,0.11389999997615874,0.1305000000000014,0.14719999992847477,0.1636999999284754,0.18029999995231805,0.19700000000000273,0.2136999999284761,0.23060000002384484,0.2469999999999999,0.26389999997616087,0.28039999997615794,0.2971000000238426,0.313799999952316,0.33089999997616104,0.3470000000000013,0.36400000000000077,0.38069999992847414,0.39719999992847477,0.4137999999523174,0.430199999928476,0.44739999997615953,0.4641000000238442,0.4805000000000028,0.4971000000238419,0.5136999999284768,0.530600000023842,0.5471000000238426,0.5636999999284775,0.5803999999761587,0.5971999999284776,0.6136999999284747,0.6301999999284753,0.648299999952318,0.6642999999523163,0.6803999999761601,0.6970000000000027,0.7137999999523181,0.7306000000238448,0.7471000000238419,0.7637999999523188,0.780600000023842,0.7971999999284769,0.813799999952316,0.8301999999284746,0.8471999999284776,0.8638999999761587,0.8806999999284741,0.8975000000000009,0.9138999999761594,0.9303999999761601,0.9478999999761584,0.9637999999523181,0.9802999999523188,0.9971000000238419,1.0136999999284768,1.0301999999284774,1.047199999928477,1.0641999999284764,1.0803999999761587,1.0977999999523185,1.1136999999284747,1.1305000000000014,1.1472999999523168,1.1638999999761594,1.1806999999284749,1.1972999999523175,1.2137999999523181,1.2306999999284756,1.247100000023842,1.2638999999761609,1.2806999999284763,1.297299999952319,1.313899999976158,1.3303999999761587,1.3471999999284776,1.3637999999523167,1.3806000000238434,1.397100000023844,1.4137999999523174,1.430500000000002,1.4470000000000027,1.4636000000238418,1.4803999999761608]","[""polygon_submitbutton"",""polygon_submitbutton"",""polygon_submitbutton"",""polygon_submitbutton"",""polygon_submitbutton"",""polygon_submitbutton"",""polygon_submitbutton"",""polygon_submitbutton"",""polygon_submitbutton"",""polygon_submitbutton"",""polygon_submitbutton"",""polygon_submitbutton"",""polygon_submitbutton"",""polygon_submitbutton"",""polygon_submitbutton"",""polygon_submitbutton"",""polygon_submitbutton"",""polygon_submitbutton"",""polygon_submitbutton"",""polygon_submitbutton"",""polygon_submitbutton""]",7,0,7,0,1,0.171235034,10,together,100,1.4831
,BON001,2023-12-18_12h42.25.408,willingness2pay,2023.2.2,Win32,59.65519298,uk,"[0.02796005063115042,0.02546081256955834,0.020462393648957355,0.017963155587365276,0.017963155587365276,0.016713565157860825,0.016713565157860825,0.016713565157860825,0.016713565157860825,0.016713565157860825,0.016713565157860825,0.016713565157860825,0.016713565157860825,0.016713565157860825,0.01608874134181701,0.01608874134181701,0.01608874134181701,0.01483915091231256,0.014214327096268744,0.014214327096268744,0.014214327096268744,0.01358950328022493,0.01358950328022493,0.01358950328022493,-0.02327395781469658,-0.055138999989017105,-0.08325521367224109,-0.1313651602404522,-0.19322083034354498,-0.30256168040138826,-0.37566383597777064,-0.4337706775897669,-0.47375820056232426,-0.49250234301780693,-0.5006247952147522,-0.5006247952147522,-0.5006247952147522,-0.5012495904295045,-0.5081224521969453,-0.5187441424554826,-0.520618556701031,-0.520618556701031,-0.520618556701031,-0.5093720712277413,-0.44189315838800375,-0.40752887815209116,-0.38815994048185626,-0.3669165885660731,-0.3537956888472352,-0.336301136821257,-0.2875663664370021,-0.24008118648225163,-0.19322083034354498,-0.14511088377533388,-0.12886597938144329,-0.1144954320305178,-0.1057481846188203,-0.1001249418821755,-0.09012804683839035,-0.08138079942669282,-0.07263355201499531,-0.05576382380506092,-0.04451733833177132,-0.03639485753353444,-0.03327085285848173,-0.03264602904243791,-0.03139643861293346,-0.03139643861293346,-0.030146790980845828,-0.029522024367385193,-0.029522024367385193,-0.029522024367385193,-0.029522024367385193,-0.029522024367385193,-0.029522024367385193,-0.029522024367385193,-0.029522024367385193]","[-0.11543269635587512,-0.11543269635587512,-0.11418310592637067,-0.11355828211032686,-0.11355828211032686,-0.11355828211032686,-0.11355828211032686,-0.11355828211032686,-0.11355828211032686,-0.11355828211032686,-0.11355828211032686,-0.11355828211032686,-0.11355828211032686,-0.11355828211032686,-0.11293345829428304,-0.1123086916808224,-0.1123086916808224,-0.11168386786477859,-0.11105904404873478,-0.11043427743527413,-0.11043427743527413,-0.10980945361923032,-0.10980945361923032,-0.10980945361923032,-0.10168697282099344,-0.0923149015932521,-0.08794130648869494,-0.08231806375205014,-0.08044364950650187,-0.08044364950650187,-0.0866916588566073,-0.09418931583880037,-0.10231179663703725,-0.10606062512813379,-0.10793503937368205,-0.10855986318972587,-0.10918462980318651,-0.10918462980318651,-0.11605752017191893,-0.123555177154112,-0.12417994376757263,-0.12417994376757263,-0.12417994376757263,-0.1266791818291647,-0.14479850046860357,-0.1579194001874414,-0.16479229055617386,-0.1716651237223231,-0.17478912839737581,-0.17666354264292408,-0.1779131902750117,-0.18228678537956888,-0.19040926617780576,-0.21290223712438497,-0.2260231368432228,-0.24476727929870548,-0.2572633552014995,-0.2728834929819295,-0.29662605435801315,-0.3184942586911317,-0.3366135773305705,-0.36722902907538657,-0.384098757285321,-0.3953452427586106,-0.39909407124970714,-0.39971883786316775,-0.4003436616792116,-0.4003436616792116,-0.4003436616792116,-0.4003436616792116,-0.4009684854952554,-0.40159325210871605,-0.40159325210871605,-0.40159325210871605,-0.40159325210871605,-0.40159325210871605,-0.40221807592475983]","[0,0,0,0,0,0,0,0,0,0,0,0,0,0,0,0,0,0,0,0,0,1,1,1,1,1,1,1,1,1,1,1,1,1,1,1,1,1,1,1,0,0,0,0,0,0,0,0,0,0,0,0,0,0,0,0,0,0,0,0,0,0,0,0,0,0,0,0,0,0,0,0,0,0,0,0,1]","[0,0,0,0,0,0,0,0,0,0,0,0,0,0,0,0,0,0,0,0,0,0,0,0,0,0,0,0,0,0,0,0,0,0,0,0,0,0,0,0,0,0,0,0,0,0,0,0,0,0,0,0,0,0,0,0,0,0,0,0,0,0,0,0,0,0,0,0,0,0,0,0,0,0,0,0,0]","[0,0,0,0,0,0,0,0,0,0,0,0,0,0,0,0,0,0,0,0,0,0,0,0,0,0,0,0,0,0,0,0,0,0,0,0,0,0,0,0,0,0,0,0,0,0,0,0,0,0,0,0,0,0,0,0,0,0,0,0,0,0,0,0,0,0,0,0,0,0,0,0,0,0,0,0,0]","[0,0.013699999928476814,0.02989999997615911,0.04669999992847451,0.06329999995231717,0.07979999995231779,0.09639999997616044,0.11309999990463382,0.13000000000000256,0.1463999999761576,0.16300000000000026,0.17969999992847718,0.19629999995231628,0.21300000000000097,0.2300999999046347,0.24679999995231583,0.26289999997615965,0.2801999999284739,0.2965999999046325,0.31329999995231717,0.32949999999999946,0.34809999990463325,0.36359999990463265,0.3800999999046333,0.39689999997616,0.4132999999523186,0.430099999904634,0.44669999992847664,0.46319999992847727,0.4800000000000004,0.49689999997615786,0.5132999999523165,0.5297999999523171,0.5466999999284745,0.5631999999284751,0.5800999999046326,0.5965999999046332,0.6130999999046338,0.6298999999761605,0.646799999952318,0.6630999999046345,0.6805000000000021,0.6965999999046346,0.7135999999046341,0.7302999999523188,0.7466999999284738,0.7636999999284768,0.7798999999761591,0.7966999999284745,0.8131999999284751,0.8301999999284746,0.8468999999761593,0.8631999999284758,0.8800000000000026,0.8966999999284759,0.9135000000000026,0.9298999999761577,0.9466999999284766,0.9633999999761578,0.9800000000000004,0.9965999999046353,1.0135000000000005,1.029799999952317,1.0465999999046325,1.0635000000000012,1.0800999999046326,1.0968999999761593,1.1131999999284758,1.1298999999761605,1.146599999904634,1.1635000000000026,1.1797999999523157,1.1965000000000003,1.2131999999284773,1.2295999999046323,1.246299999952317,1.2630999999046324]","[""polygon_submitbutton"",""polygon_submitbutton"",""polygon_submitbutton"",""polygon_submitbutton"",""polygon_submitbutton"",""polygon_submitbutton"",""polygon_submitbutton"",""polygon_submitbutton"",""polygon_submitbutton"",""polygon_submitbutton"",""polygon_submitbutton"",""polygon_submitbutton"",""polygon_submitbutton"",""polygon_submitbutton"",""polygon_submitbutton""]",8,0,8,0,1,0.589433589,2,alone,0,1.2658
,BON001,2023-12-18_12h42.25.408,willingness2pay,2023.2.2,Win32,59.65519298,uk,"[0.027335226815106608,0.027335226815106608,0.027335226815106608,0.026710402999062792,0.026710402999062792,0.026710402999062792,0.026085636385602157,0.026085636385602157,0.026085636385602157,0.026085636385602157,0.026085636385602157,0.02546081256955834,0.02546081256955834,0.02546081256955834,0.02546081256955834,0.02546081256955834,0.02546081256955834,0.02483598875351453,0.02483598875351453,0.02421122214005389,0.023586398324010074,0.022336807894505623,0.015463917525773196,0.011090322421216027,0.00921590817566776,0.008591084359623946,0.007341493930119494,0.0067166701140756796,0.0067166701140756796,0.0067166701140756796,0.0054670796845712275,0.0023430178069353325,-0.003904991543170103,-0.01640112464854733,-0.028897200551341377,-0.03264602904243791,-0.035145267104029994,-0.03577003371749063,-0.03639485753353444,-0.03639485753353444,-0.03951886220858716,-0.05014058106841612,-0.05326458574346884,-0.05638859041852155,-0.05701341423456537,-0.057638238050609185,-0.057638238050609185,-0.05826300466406982,-0.05888782848011364,-0.05951265229615745,-0.06701030927835051,-0.07325831862845596,-0.07638238050609185,-0.07700714711955248,-0.0776319709355963,-0.0776319709355963,-0.0776319709355963,-0.0776319709355963,-0.0776319709355963,-0.0776319709355963,-0.0776319709355963,-0.0776319709355963,-0.0776319709355963,-0.0776319709355963,-0.0776319709355963,-0.0776319709355963,-0.0776319709355963,-0.06763507589181116,-0.05888782848011364,-0.047016519190780225,-0.03826927177908271,-0.029522024367385193,-0.01640112464854733,-0.009528234279814902,-0.0026554011136656515,0.0035926654390229617,0.004842255868527413,0.0067166701140756796,0.0067166701140756796,0.0067166701140756796,0.004842255868527413,0.002967841622979147,-0.00015616305207357076,-0.0007809868681173852,-0.0032802249297094657,-0.005154639175257732,-0.00827864385031045,-0.009528234279814902,-0.01077788191190253,-0.012027472341406982,-0.013277062770911435,-0.0151514770164597,-0.01765071507805178,-0.019525129323600048,-0.0207747197531045,-0.0207747197531045,-0.0207747197531045,-0.0207747197531045,-0.0207747197531045,-0.0207747197531045]","[-0.13667607687294986,-0.13667607687294986,-0.13667607687294986,-0.13605125305690605,-0.13605125305690605,-0.1348016626274016,-0.1348016626274016,-0.1348016626274016,-0.13417683881135778,-0.13417683881135778,-0.13417683881135778,-0.13355201499531397,-0.13355201499531397,-0.13355201499531397,-0.13355201499531397,-0.13355201499531397,-0.13355201499531397,-0.13292724838185332,-0.13292724838185332,-0.13292724838185332,-0.1323024245658095,-0.13105283413630506,-0.123555177154112,-0.1179319344174672,-0.11543269635587512,-0.1148078725398313,-0.11418310592637067,-0.11418310592637067,-0.11418310592637067,-0.11418310592637067,-0.11418310592637067,-0.11418310592637067,-0.11418310592637067,-0.11418310592637067,-0.11293345829428304,-0.1123086916808224,-0.11168386786477859,-0.11168386786477859,-0.11168386786477859,-0.11168386786477859,-0.11105904404873478,-0.10980945361923032,-0.10918462980318651,-0.10731021555763824,-0.10731021555763824,-0.1066854489441776,-0.10606062512813379,-0.10606062512813379,-0.10543580131208997,-0.10481103469862933,-0.10356138706654171,-0.1010622062075328,-0.10043738239148899,-0.09981255857544517,-0.09981255857544517,-0.09981255857544517,-0.09981255857544517,-0.09981255857544517,-0.09981255857544517,-0.09981255857544517,-0.09981255857544517,-0.09981255857544517,-0.09981255857544517,-0.09981255857544517,-0.09981255857544517,-0.09981255857544517,-0.09981255857544517,-0.1148078725398313,-0.1316776007497657,-0.15542021932843253,-0.16791629523122656,-0.18166201876610824,-0.20228057546713918,-0.21727588943152532,-0.23789444613255623,-0.2597625932630916,-0.26913466449083295,-0.2760074976569822,-0.2841299784552191,-0.2910028116213683,-0.3091221874633904,-0.32411750142777646,-0.3384879915761188,-0.3478600628038601,-0.35660731021555764,-0.3616057863387418,-0.36785379568884724,-0.3709778575664831,-0.37410186224153585,-0.37910028116213684,-0.3822243430397727,-0.38534834771482546,-0.39097159045147023,-0.394095595126523,-0.39721965700415884,-0.3978444236176195,-0.3978444236176195,-0.39909407124970714,-0.39909407124970714,-0.39909407124970714]","[0,0,0,0,0,0,0,0,0,0,0,0,0,0,0,0,0,0,0,0,0,0,0,0,0,0,0,0,0,0,0,0,0,0,0,0,0,0,0,0,0,0,0,0,0,0,0,0,0,0,0,0,0,0,0,1,1,1,1,0,0,0,0,0,0,0,0,0,0,0,0,0,0,0,0,0,0,0,0,0,0,0,0,0,0,0,0,0,0,0,0,0,0,0,0,0,0,0,0,1]","[0,0,0,0,0,0,0,0,0,0,0,0,0,0,0,0,0,0,0,0,0,0,0,0,0,0,0,0,0,0,0,0,0,0,0,0,0,0,0,0,0,0,0,0,0,0,0,0,0,0,0,0,0,0,0,0,0,0,0,0,0,0,0,0,0,0,0,0,0,0,0,0,0,0,0,0,0,0,0,0,0,0,0,0,0,0,0,0,0,0,0,0,0,0,0,0,0,0,0,0]","[0,0,0,0,0,0,0,0,0,0,0,0,0,0,0,0,0,0,0,0,0,0,0,0,0,0,0,0,0,0,0,0,0,0,0,0,0,0,0,0,0,0,0,0,0,0,0,0,0,0,0,0,0,0,0,0,0,0,0,0,0,0,0,0,0,0,0,0,0,0,0,0,0,0,0,0,0,0,0,0,0,0,0,0,0,0,0,0,0,0,0,0,0,0,0,0,0,0,0,0]","[0,0.013500000000000512,0.030100000023843165,0.047100000023842625,0.06369999992847752,0.08179999995231668,0.09689999997615928,0.11360000002384396,0.1301999999284753,0.14669999992847593,0.1632999999523186,0.1805000000000021,0.1968999999761607,0.2132999999523193,0.23010000002384245,0.2469999999999999,0.2631999999284744,0.28039999997615794,0.2971999999284769,0.31329999995231717,0.33039999997615865,0.34710000002384334,0.3633999999761599,0.3805000000000014,0.39689999997616,0.4136999999284754,0.43029999995231805,0.44700000000000273,0.4634999999999998,0.48029999995231876,0.4967999999523194,0.5132999999523165,0.5301999999284774,0.5468999999761586,0.5636000000238433,0.5805000000000007,0.5971999999284776,0.613600000023844,0.6305000000000014,0.6466000000238417,0.6636000000238447,0.680199999928476,0.6968999999761607,0.7132999999523193,0.7300000000000004,0.7466999999284774,0.7635000000000005,0.7803999999761579,0.7971000000238426,0.813799999952316,0.8305000000000007,0.8468999999761593,0.8637999999523167,0.8801000000238446,0.89689999997616,0.9146999999284766,0.9298999999761612,0.9473999999761595,0.9634999999999998,0.9801999999284767,0.9976000000238443,1.0136999999284768,1.0301999999284774,1.0467999999523165,1.0636000000238433,1.0802999999523166,1.0966999999284752,1.1140000000000008,1.1301999999284753,1.147000000000002,1.1637999999523174,1.180299999952318,1.1971999999284755,1.2140000000000022,1.2301000000238425,1.2472999999523182,1.2637999999523188,1.280399999976158,1.2971000000238426,1.3135000000000012,1.3305000000000007,1.3466000000238445,1.363500000000002,1.3800000000000026,1.3972999999523168,1.4140000000000015,1.4306000000238441,1.4470000000000027,1.4637999999523181,1.4806000000238448,1.4972999999523182,1.5136000000238425,1.530399999976158,1.5470000000000006,1.5631000000238444,1.5797999999523178,1.5967999999523173,1.613600000023844,1.6301999999284753,1.6494999999999997]","[""polygon_submitbutton"",""polygon_submitbutton"",""polygon_submitbutton"",""polygon_submitbutton"",""polygon_submitbutton"",""polygon_submitbutton"",""polygon_submitbutton"",""polygon_submitbutton"",""polygon_submitbutton"",""polygon_submitbutton"",""polygon_submitbutton"",""polygon_submitbutton"",""polygon_submitbutton""]",9,0,9,0,1,0.671292331,13,alone,38,1.6524
,BON001,2023-12-18_12h42.25.408,willingness2pay,2023.2.2,Win32,59.65519298,uk,"[0.15042174320524837,0.15042174320524837,0.14979697659178773,0.1460481481006912,0.14354891003909911,0.14167449579355085,0.14104967197750704,0.1404249053640464,0.13980008154800258,0.13980008154800258,0.13980008154800258,0.13980008154800258,0.13980008154800258,0.13980008154800258,0.13980008154800258,0.13980008154800258,0.13980008154800258,0.13980008154800258,0.13980008154800258,0.13980008154800258,0.13980008154800258,0.13980008154800258,0.13980008154800258,0.13980008154800258,0.13980008154800258,0.13980008154800258,0.13980008154800258,0.13980008154800258,0.13980008154800258,0.13980008154800258,0.13980008154800258,0.13980008154800258,0.13980008154800258,0.13917525773195877,0.13917525773195877,0.13855049111849813,0.1379256673024543,0.1373008434864105,0.13355201499531397,0.11668228678537956,0.10606062512813379,0.09606373008434864,0.08794130648869494,0.07606999719936153,0.067322749787664,0.044204955025041,0.029834464876698687,0.017338331771321464,0.0023430178069353325,-0.007653820034266635,-0.01640112464854733,-0.02577319587628866,-0.030146790980845828,-0.034520443287986174,-0.03577003371749063,-0.03577003371749063,-0.03577003371749063,-0.03577003371749063,-0.03577003371749063,-0.03577003371749063,-0.03639485753353444,-0.03639485753353444,-0.03639485753353444,-0.03639485753353444,-0.037019681349578254]","[-0.1266791818291647,-0.1266791818291647,-0.12542959139966026,-0.12168076290856374,-0.1179319344174672,-0.11605752017191893,-0.11543269635587512,-0.11355828211032686,-0.11355828211032686,-0.1123086916808224,-0.11168386786477859,-0.11168386786477859,-0.10980945361923032,-0.10855986318972587,-0.10793503937368205,-0.10606062512813379,-0.10606062512813379,-0.10606062512813379,-0.10481103469862933,-0.10481103469862933,-0.10481103469862933,-0.10481103469862933,-0.10481103469862933,-0.10481103469862933,-0.10481103469862933,-0.10481103469862933,-0.10481103469862933,-0.10481103469862933,-0.10481103469862933,-0.10481103469862933,-0.10481103469862933,-0.10481103469862933,-0.10543580131208997,-0.1066854489441776,-0.10731021555763824,-0.10855986318972587,-0.10918462980318651,-0.11105904404873478,-0.11668228678537956,-0.13855049111849813,-0.15104656702129218,-0.16416746674013002,-0.17978760452055997,-0.2110278228788367,-0.23539520807096415,-0.2791315595346181,-0.29787570199010077,-0.31537019681349576,-0.3322399250234302,-0.34536082474226804,-0.3591065482771497,-0.37660110030312793,-0.38784758577641754,-0.39909407124970714,-0.4028428997408037,-0.4034676663542643,-0.4034676663542643,-0.4034676663542643,-0.4047173139863519,-0.4065917282319002,-0.4090909090909091,-0.41034055672299674,-0.41096532333645736,-0.41096532333645736,-0.4115901471525012]","[0,0,0,0,0,0,0,0,0,0,0,0,0,0,0,0,0,0,0,1,1,1,1,0,0,0,0,0,0,0,0,0,0,0,0,0,0,0,0,0,0,0,0,0,0,0,0,0,0,0,0,0,0,0,0,0,0,0,0,0,0,0,0,0,1]","[0,0,0,0,0,0,0,0,0,0,0,0,0,0,0,0,0,0,0,0,0,0,0,0,0,0,0,0,0,0,0,0,0,0,0,0,0,0,0,0,0,0,0,0,0,0,0,0,0,0,0,0,0,0,0,0,0,0,0,0,0,0,0,0,0]","[0,0,0,0,0,0,0,0,0,0,0,0,0,0,0,0,0,0,0,0,0,0,0,0,0,0,0,0,0,0,0,0,0,0,0,0,0,0,0,0,0,0,0,0,0,0,0,0,0,0,0,0,0,0,0,0,0,0,0,0,0,0,0,0,0]","[0.00009999990463072095,0.013699999928473261,0.03069999992847272,0.047199999928473346,0.0641999999284728,0.08069999992847343,0.09729999995231609,0.11369999992847468,0.1303999999761558,0.14689999997615644,0.16399999999999793,0.1802999999523145,0.19709999990463345,0.21399999999999864,0.23039999997615723,0.2470999999046306,0.2635000000000005,0.2801999999284739,0.2970999999046313,0.31359999990463194,0.3322999999523155,0.34709999990463203,0.3637999999523167,0.38049999999999784,0.39779999995231563,0.4138999999761559,0.4305999999046328,0.44689999997615715,0.46369999992847255,0.48049999999999926,0.4970999999046306,0.5135999999046312,0.5300999999046319,0.5468999999761586,0.5640999999046308,0.5806999999284734,0.5972999999523161,0.6140000000000008,0.6308999999761582,0.6472999999523168,0.6641999999284742,0.6808999999761589,0.6971999999284755,0.7141999999284749,0.7305999999046335,0.7469999999999999,0.7638999999761573,0.7805,0.7974999999999994,0.813699999928474,0.8305999999046314,0.8473999999761581,0.8638999999761587,0.8807999999523162,0.8973999999761588,0.9137999999523174,0.9304999999999986,0.9499999999999993,0.9634999999999998,0.9805999999046335,0.9971999999284726,1.0135999999046312,1.0305999999046307,1.0471999999284733,1.063599999904632]","[""polygon_submitbutton"",""polygon_submitbutton"",""polygon_submitbutton"",""polygon_submitbutton"",""polygon_submitbutton"",""polygon_submitbutton"",""polygon_submitbutton"",""polygon_submitbutton"",""polygon_submitbutton"",""polygon_submitbutton"",""polygon_submitbutton"",""polygon_submitbutton"",""polygon_submitbutton"",""polygon_submitbutton""]",10,0,10,0,1,0.656064466,3,together,71.5,1.0663
,BON001,2023-12-18_12h42.25.408,willingness2pay,2023.2.2,Win32,59.65519298,uk,"[-0.13511398873154873,-0.13511398873154873,-0.13573881254759254,-0.13573881254759254,-0.13573881254759254,-0.13636363636363635,-0.13636363636363635,-0.13636363636363635,-0.13636363636363635,-0.136988402977097,-0.136988402977097,-0.136988402977097,-0.136988402977097,-0.136988402977097,-0.136988402977097,-0.136988402977097,-0.136988402977097,-0.136988402977097,-0.136988402977097,-0.136988402977097,-0.136988402977097,-0.136988402977097,-0.136988402977097,-0.136988402977097,-0.136988402977097,-0.136988402977097,-0.136988402977097,-0.136988402977097,-0.136988402977097,-0.136988402977097,-0.136988402977097,-0.13573881254759254,-0.11199625117150891,-0.08263038985619728,-0.049515757252372304,-0.02327395781469658,0.0054670796845712275,0.015463917525773196,0.02483598875351453,0.02796005063115042,0.029209641060654875,0.029209641060654875,0.029209641060654875,0.029209641060654875,0.029209641060654875,0.03108405530620314,0.03358329336779522,0.03420805998125586,0.03483288379729967,0.035457707613343485,0.035457707613343485,0.035457707613343485,0.03608247422680412,0.03670729804284794,0.03920653610444002,0.067322749787664,0.0779444114449098,0.08731648267265113,0.08856607310215557,0.08419247799759841,0.07482040676985707,0.06419868791002811,0.05420185006882615,0.04607936927058927,0.039831302717900655,0.03858171228839621,0.03670729804284794,0.03670729804284794,0.03483288379729967,0.03483288379729967,0.03483288379729967,0.03483288379729967,0.03358329336779522,0.032958469551751406,0.03233364573570759,0.03233364573570759,0.03233364573570759,0.03233364573570759,0.03233364573570759,0.03233364573570759,0.03233364573570759,0.03233364573570759,0.03233364573570759,0.03233364573570759,0.03233364573570759,0.03233364573570759,0.03233364573570759,0.03233364573570759,0.03233364573570759,0.03233364573570759,0.03233364573570759,0.03233364573570759,0.03233364573570759,0.03233364573570759,0.03108405530620314,0.009840674789128397,-0.03889409559512652,-0.06138706654170572,-0.08388003748828492,-0.11886908433765815,-0.1344892221180881,-0.14448605995929006,-0.1538581311870314,-0.16572944047636481,-0.18197434487025538,-0.18697282099343954,-0.19259606373008434,-0.19259606373008434,-0.19259606373008434,-0.19259606373008434,-0.19259606373008434,-0.19259606373008434,-0.19259606373008434,-0.19259606373008434,-0.19259606373008434,-0.19259606373008434,-0.19259606373008434,-0.19259606373008434,-0.19259606373008434,-0.19259606373008434,-0.19259606373008434,-0.19259606373008434,-0.1913464160979967,-0.18759758760690018,-0.17260227364251407,-0.15323336457357076,-0.13511398873154873,-0.12074349858320642,-0.11636984627606607,-0.11574507966260543,-0.1144954320305178,-0.1144954320305178,-0.11074660353942127,-0.10387377037327203,-0.09262728489998243,-0.0720087281989515,-0.062011833155166354,-0.052639761927425026,-0.04076850984067479,-0.03639485753353444,-0.028272376735297564,-0.008903467666354265,0.0023430178069353325,0.011090322421216027,0.01608874134181701,0.017338331771321464,0.016713565157860825,0.01608874134181701,0.012964736666764292,0.0054670796845712275,-0.0007809868681173852,-0.005154639175257732,-0.01077788191190253,-0.012027472341406982,-0.013901886586955249,-0.0151514770164597,-0.01640112464854733,-0.01765071507805178,-0.018275538894095594,-0.018275538894095594,-0.018900305507556232,-0.018900305507556232,-0.019525129323600048,-0.019525129323600048]","[-0.11043427743527413,-0.10980945361923032,-0.10793503937368205,-0.10793503937368205,-0.10793503937368205,-0.10606062512813379,-0.10606062512813379,-0.10606062512813379,-0.10606062512813379,-0.10606062512813379,-0.10606062512813379,-0.10606062512813379,-0.10606062512813379,-0.10606062512813379,-0.10606062512813379,-0.10606062512813379,-0.10606062512813379,-0.10606062512813379,-0.10606062512813379,-0.10606062512813379,-0.10606062512813379,-0.10606062512813379,-0.10606062512813379,-0.10606062512813379,-0.10606062512813379,-0.10606062512813379,-0.10606062512813379,-0.10606062512813379,-0.10606062512813379,-0.10606062512813379,-0.10606062512813379,-0.10793503937368205,-0.12730400564520852,-0.1404249053640464,-0.1541705716963449,-0.1666667048017221,-0.18228678537956888,-0.19165885660731022,-0.20165575165109537,-0.2060294039582357,-0.21415182755388942,-0.225398313027179,-0.23914403656206068,-0.26413624557023196,-0.2772571452890698,-0.2878788069463156,-0.299750116235649,-0.30412371134020616,-0.30662294940179824,-0.3072477732178421,-0.3072477732178421,-0.3072477732178421,-0.30474853515625,-0.3003748828491096,-0.2885036307623594,-0.20415498971268745,-0.1716651237223231,-0.1373008434864105,-0.11855670103092783,-0.10980945361923032,-0.10418621088258552,-0.10231179663703725,-0.10231179663703725,-0.10231179663703725,-0.10231179663703725,-0.10231179663703725,-0.10231179663703725,-0.10231179663703725,-0.10231179663703725,-0.10231179663703725,-0.10231179663703725,-0.10231179663703725,-0.10231179663703725,-0.10231179663703725,-0.10231179663703725,-0.10231179663703725,-0.10231179663703725,-0.10231179663703725,-0.10231179663703725,-0.10231179663703725,-0.10231179663703725,-0.10231179663703725,-0.10231179663703725,-0.10231179663703725,-0.10231179663703725,-0.10231179663703725,-0.10231179663703725,-0.10231179663703725,-0.10231179663703725,-0.10231179663703725,-0.10231179663703725,-0.10293662045308107,-0.10293662045308107,-0.10293662045308107,-0.10356138706654171,-0.11293345829428304,-0.1260543580131209,-0.12730400564520852,-0.1260543580131209,-0.11980634866301547,-0.1148078725398313,-0.1123086916808224,-0.11105904404873478,-0.10793503937368205,-0.10543580131208997,-0.10418621088258552,-0.10418621088258552,-0.10418621088258552,-0.10418621088258552,-0.10418621088258552,-0.10418621088258552,-0.10418621088258552,-0.10418621088258552,-0.10418621088258552,-0.10418621088258552,-0.10418621088258552,-0.10418621088258552,-0.10418621088258552,-0.10418621088258552,-0.10418621088258552,-0.10418621088258552,-0.10418621088258552,-0.10418621088258552,-0.10418621088258552,-0.10418621088258552,-0.10855986318972587,-0.11543269635587512,-0.12417994376757263,-0.12542959139966026,-0.1266791818291647,-0.12730400564520852,-0.12730400564520852,-0.12730400564520852,-0.1260543580131209,-0.12230552952202436,-0.11855670103092783,-0.11855670103092783,-0.1204311152764761,-0.12542959139966026,-0.13105283413630506,-0.14542332428464738,-0.21290223712438497,-0.25601376477199506,-0.2891283973758201,-0.3222430871822282,-0.3303655107778819,-0.3366135773305705,-0.3409872296377109,-0.3497344770494084,-0.368478619504891,-0.3865979381443299,-0.40159325210871605,-0.41721338988914597,-0.42221180880974696,-0.4272102849329311,-0.43095911342402765,-0.4353327085285848,-0.4397063608357252,-0.4440800131428655,-0.44470477975632616,-0.44470477975632616,-0.44470477975632616,-0.44532960357236995,-0.44532960357236995]","[0,0,0,0,0,0,0,0,0,0,0,0,0,0,0,0,0,0,0,1,1,1,1,0,0,0,0,0,0,0,0,0,0,0,0,0,0,0,0,0,0,0,0,0,0,0,0,0,0,0,0,0,0,0,0,0,0,0,0,0,0,0,0,0,0,0,0,0,0,0,0,0,0,0,1,1,1,1,0,0,0,0,0,0,0,0,0,0,0,0,0,0,0,0,0,0,0,0,0,0,0,0,0,0,0,0,0,1,1,1,1,0,0,0,0,0,0,0,0,0,0,0,0,0,0,0,0,0,0,0,0,0,0,0,0,0,0,0,0,0,0,0,0,0,0,0,0,0,0,0,0,0,0,0,0,0,0,0,0,0,0,0,0,1]","[0,0,0,0,0,0,0,0,0,0,0,0,0,0,0,0,0,0,0,0,0,0,0,0,0,0,0,0,0,0,0,0,0,0,0,0,0,0,0,0,0,0,0,0,0,0,0,0,0,0,0,0,0,0,0,0,0,0,0,0,0,0,0,0,0,0,0,0,0,0,0,0,0,0,0,0,0,0,0,0,0,0,0,0,0,0,0,0,0,0,0,0,0,0,0,0,0,0,0,0,0,0,0,0,0,0,0,0,0,0,0,0,0,0,0,0,0,0,0,0,0,0,0,0,0,0,0,0,0,0,0,0,0,0,0,0,0,0,0,0,0,0,0,0,0,0,0,0,0,0,0,0,0,0,0,0,0,0,0,0,0,0,0,0]","[0,0,0,0,0,0,0,0,0,0,0,0,0,0,0,0,0,0,0,0,0,0,0,0,0,0,0,0,0,0,0,0,0,0,0,0,0,0,0,0,0,0,0,0,0,0,0,0,0,0,0,0,0,0,0,0,0,0,0,0,0,0,0,0,0,0,0,0,0,0,0,0,0,0,0,0,0,0,0,0,0,0,0,0,0,0,0,0,0,0,0,0,0,0,0,0,0,0,0,0,0,0,0,0,0,0,0,0,0,0,0,0,0,0,0,0,0,0,0,0,0,0,0,0,0,0,0,0,0,0,0,0,0,0,0,0,0,0,0,0,0,0,0,0,0,0,0,0,0,0,0,0,0,0,0,0,0,0,0,0,0,0,0,0]","[0,0.01330000007152421,0.030100000023839613,0.04640000009536749,0.06320000004768289,0.07990000009536757,0.09660000002384095,0.11330000007152563,0.12970000004768423,0.1467000000476837,0.16300000000000026,0.17999999999999972,0.19660000002384237,0.2133000000715235,0.2297000000476821,0.24660000002383953,0.2629999999999981,0.27980000007152483,0.29670000004768227,0.3132000000476829,0.3304000000953664,0.34699999999999775,0.36330000007152563,0.37990000009536473,0.3974999999999973,0.4134999999999991,0.43010000002384174,0.4468000000715229,0.46999999999999886,0.48210000002384135,0.49670000004768156,0.5136000000238425,0.5302000000476816,0.5469000000953663,0.5634999999999977,0.5799999999999983,0.5971000000238398,0.6134000000953677,0.6303000000715251,0.6473000000715246,0.6634999999999991,0.6799000000953654,0.6969000000953649,0.7134999999999998,0.7302000000476809,0.747400000095368,0.7636000000238425,0.7801000000238396,0.7968000000715243,0.8139000000953658,0.8298000000715255,0.846700000047683,0.8636000000238404,0.8804000000953671,0.8968000000715257,0.9137000000476831,0.9301000000238417,0.9468000000715229,0.9636000000238418,0.9800000000000004,0.9967000000476816,1.013700000047681,1.0301000000238396,1.0468000000715243,1.0637000000476817,1.0799000000953676,1.096800000071525,1.1132000000476836,1.130100000023841,1.1466000000238417,1.1632000000476843,1.1799000000953654,1.1968000000715229,1.2136000000238418,1.2299000000953662,1.2478000000715248,1.263700000047681,1.2799000000953669,1.2966000000238402,1.313200000047683,1.3296000000238415,1.3464000000953646,1.3629999999999995,1.3797000000476842,1.3963000000715233,1.4130000000000003,1.4297000000476814,1.446400000095366,1.4629000000953667,1.479700000047682,1.4964000000953668,1.5134000000953662,1.5312000000476829,1.5526000000238405,1.563200000047683,1.5799000000953676,1.5964000000953646,1.6131000000238416,1.630200000047683,1.6467000000476837,1.663499999999999,1.6799999999999997,1.6968000000715229,1.7134000000953655,1.7300000000000004,1.7469999999999999,1.763700000047681,1.7801000000238396,1.7986000000238391,1.8139000000953658,1.8298000000715255,1.846700000047683,1.8632000000476836,1.8799000000953647,1.8964999999999996,1.9133000000715228,1.9299999999999997,1.9466000000238424,1.9631000000238394,1.979700000047682,1.9967000000476816,2.013300000071524,2.0302000000476816,2.0468000000715243,2.063300000071525,2.0802000000476824,2.096900000095367,2.1136000000238404,2.130100000023841,2.1466000000238417,2.163499999999999,2.1797000000476814,2.1966000000238424,2.2135,2.2300000000000004,2.2467000000476816,2.2634000000953662,2.2802000000476816,2.2966000000238402,2.3137000000476817,2.3302000000476824,2.346900000095367,2.3637000000476824,2.380700000047682,2.3967000000476837,2.413600000023841,2.4299999999999997,2.446900000095365,2.463700000047684,2.480200000047681,2.4969000000953656,2.5136000000238425,2.5299999999999976,2.5469000000953663,2.563400000095367,2.5801000000238403,2.596700000047683,2.6133000000715256,2.6299000000953647,2.6468000000715257,2.663400000095365,2.6799000000953654,2.6973000000715253,2.7132000000476815]","[""polygon_submitbutton"",""polygon_submitbutton"",""polygon_submitbutton"",""polygon_submitbutton"",""polygon_submitbutton"",""polygon_submitbutton"",""polygon_submitbutton"",""polygon_submitbutton"",""polygon_submitbutton"",""polygon_submitbutton"",""polygon_submitbutton"",""polygon_submitbutton"",""polygon_submitbutton"",""polygon_submitbutton""]",11,0,11,0,1,0.9,16,alone,20,2.7162
,BON001,2023-12-18_12h42.25.408,willingness2pay,2023.2.2,Win32,59.65519298,uk,"[0.20228057546713918,0.20228057546713918,0.20228057546713918,0.20228057546713918,0.20228057546713918,0.20228057546713918,0.20228057546713918,0.20228057546713918,0.20228057546713918,0.20228057546713918,0.20228057546713918,0.20228057546713918,0.20228057546713918,0.20228057546713918,0.20228057546713918,0.20228057546713918,0.20228057546713918,0.20228057546713918,0.20228057546713918,0.20228057546713918,0.20228057546713918,0.20228057546713918,0.20228057546713918,0.20228057546713918,0.20228057546713918,0.20228057546713918,0.20228057546713918,0.20228057546713918,0.20228057546713918,0.20228057546713918,0.20228057546713918,0.20228057546713918,0.20228057546713918,0.20228057546713918,0.20228057546713918,0.20228057546713918,0.20228057546713918,0.19978139460813027,0.19665733273049438,0.19603256611703374,0.19603256611703374,0.19353327085285849,0.1866604948892924,0.17978760452055997,0.169165885660731,0.11918152484697164,0.05232743582327788,0.02858481724461106,0.0067166701140756796,-0.018275538894095594,-0.030771614796889644,-0.04076850984067479,-0.04326769069968369,-0.04451733833177132,-0.04451733833177132,-0.04451733833177132,-0.04451733833177132,-0.04451733833177132,-0.04389251451572751,-0.04076850984067479,-0.027647610121836926,-0.02452354824420103,-0.025148372060244846,-0.025148372060244846,-0.023898781630740395,-0.015776300832503514,-0.007653820034266635,-0.0007809868681173852,0.008591084359623946,0.016713565157860825,0.02483598875351453,0.044204955025041,0.06232427366447985,0.07606999719936153,0.08419247799759841,0.08419247799759841,0.08419247799759841,0.08419247799759841,0.08419247799759841,0.08419247799759841,0.08419247799759841,0.08419247799759841,0.08419247799759841,0.08419247799759841,0.08419247799759841,0.08419247799759841,0.0891908969181994,0.09918779196198453,0.11355828211032686,0.12480476758361644,0.13667607687294986,0.14167449579355085,0.1429240862230553,0.14417373385514293,0.14479850046860357,0.14542332428464738,0.14542332428464738,0.14542332428464738,0.14542332428464738,0.14542332428464738,0.1460481481006912,0.14667291471415184,0.14667291471415184,0.14667291471415184,0.14667291471415184,0.14729773853019565,0.15479539551238872,0.1604186954516167,0.16416752394271322,0.16479229055617386,0.16541705716963448,0.16541705716963448,0.16541705716963448,0.16541705716963448,0.16541705716963448,0.16541705716963448,0.16541705716963448,0.16541705716963448,0.16541705716963448,0.16479229055617386,0.16479229055617386,0.16479229055617386,0.16479229055617386,0.16479229055617386,0.16479229055617386,0.16479229055617386,0.16416752394271322,0.1635426429240862,0.16229310969716496,0.1604186954516167,0.15979381443298968,0.15916904781952906,0.1579194001874414,0.1572946335739808,0.15666980975793698,0.15666980975793698,0.15666980975793698,0.15604498594189317,0.15479539551238872,0.15479539551238872,0.1541705716963449,0.1541705716963449,0.1541705716963449,0.1541705716963449,0.1541705716963449,0.1541705716963449,0.1541705716963449,0.1541705716963449,0.1541705716963449,0.1541705716963449,0.1541705716963449,0.1541705716963449,0.1541705716963449,0.1541705716963449,0.1541705716963449,0.1541705716963449,0.1541705716963449,0.1541705716963449,0.1541705716963449,0.1541705716963449,0.1541705716963449,0.1541705716963449,0.1541705716963449,0.1541705716963449,0.1541705716963449,0.1541705716963449,0.1541705716963449,0.1541705716963449,0.1541705716963449,0.1541705716963449,0.1541705716963449,0.1541705716963449,0.1541705716963449,0.1541705716963449,0.15104656702129218,0.12293035333806818,0.08731648267265113,0.05232743582327788,0.03108405530620314,0.010465498605172211,-0.025148372060244846,-0.04764134300682404,-0.06576066164626289,-0.07138390438290769,-0.07450796626054358,-0.07513273287400422,-0.07513273287400422,-0.07513273287400422,-0.07513273287400422,-0.07513273287400422,-0.07638238050609185,-0.07700714711955248,-0.07825679475164012,-0.07825679475164012,-0.07825679475164012,-0.07825679475164012,-0.07825679475164012,-0.07825679475164012,-0.07825679475164012]","[-0.06669792597162019,-0.06669792597162019,-0.06669792597162019,-0.06669792597162019,-0.06669792597162019,-0.06669792597162019,-0.06669792597162019,-0.06669792597162019,-0.06669792597162019,-0.06669792597162019,-0.06669792597162019,-0.06669792597162019,-0.06669792597162019,-0.06669792597162019,-0.06669792597162019,-0.06669792597162019,-0.06669792597162019,-0.06669792597162019,-0.06669792597162019,-0.06669792597162019,-0.06669792597162019,-0.06669792597162019,-0.06669792597162019,-0.06669792597162019,-0.06669792597162019,-0.06669792597162019,-0.06669792597162019,-0.06669792597162019,-0.06669792597162019,-0.06669792597162019,-0.06669792597162019,-0.06669792597162019,-0.06669792597162019,-0.06669792597162019,-0.06669792597162019,-0.06669792597162019,-0.06669792597162019,-0.07044675446271673,-0.07419558295381326,-0.07482040676985707,-0.07544517338331772,-0.07856923526095361,-0.08606689224314668,-0.09169013497979148,-0.09856296814594072,-0.12542959139966026,-0.15292098126684045,-0.1660418809856783,-0.18041237113402062,-0.20665417057169636,-0.22164948453608246,-0.2372696223165124,-0.24351768886920103,-0.24664169354425375,-0.2478912839737582,-0.2478912839737582,-0.2478912839737582,-0.2478912839737582,-0.24476727929870548,-0.23539520807096415,-0.19103408999384958,-0.17353953796787136,-0.15542021932843253,-0.14417373385514293,-0.13355201499531397,-0.11668228678537956,-0.10793503937368205,-0.10293662045308107,-0.09856296814594072,-0.09668855390039245,-0.09481413965484418,-0.09106531116374765,-0.08731648267265113,-0.08606689224314668,-0.0866916588566073,-0.0866916588566073,-0.0866916588566073,-0.0866916588566073,-0.0866916588566073,-0.0866916588566073,-0.0866916588566073,-0.0866916588566073,-0.0866916588566073,-0.0866916588566073,-0.0866916588566073,-0.0866916588566073,-0.08794130648869494,-0.09169013497979148,-0.09356454922533974,-0.09418931583880037,-0.09418931583880037,-0.09418931583880037,-0.09418931583880037,-0.09418931583880037,-0.09418931583880037,-0.09418931583880037,-0.09418931583880037,-0.09418931583880037,-0.09418931583880037,-0.09418931583880037,-0.09418931583880037,-0.09418931583880037,-0.09418931583880037,-0.09418931583880037,-0.09418931583880037,-0.09418931583880037,-0.09418931583880037,-0.09418931583880037,-0.09418931583880037,-0.09418931583880037,-0.09418931583880037,-0.09418931583880037,-0.09418931583880037,-0.09418931583880037,-0.09418931583880037,-0.09418931583880037,-0.09418931583880037,-0.09418931583880037,-0.09418931583880037,-0.09418931583880037,-0.09418931583880037,-0.09418931583880037,-0.09418931583880037,-0.09418931583880037,-0.09418931583880037,-0.09418931583880037,-0.09481413965484418,-0.095438963470888,-0.09606373008434864,-0.09668855390039245,-0.09731337771643626,-0.09731337771643626,-0.09731337771643626,-0.09731337771643626,-0.09731337771643626,-0.0979381443298969,-0.0979381443298969,-0.0979381443298969,-0.0979381443298969,-0.0979381443298969,-0.0979381443298969,-0.0979381443298969,-0.0979381443298969,-0.0979381443298969,-0.0979381443298969,-0.0979381443298969,-0.0979381443298969,-0.0979381443298969,-0.0979381443298969,-0.0979381443298969,-0.0979381443298969,-0.0979381443298969,-0.0979381443298969,-0.0979381443298969,-0.0979381443298969,-0.0979381443298969,-0.0979381443298969,-0.0979381443298969,-0.0979381443298969,-0.0979381443298969,-0.0979381443298969,-0.0979381443298969,-0.0979381443298969,-0.0979381443298969,-0.0979381443298969,-0.0979381443298969,-0.0979381443298969,-0.0979381443298969,-0.0979381443298969,-0.0979381443298969,-0.0979381443298969,-0.0979381443298969,-0.0979381443298969,-0.0979381443298969,-0.10231179663703725,-0.13542642924086223,-0.17603877602946344,-0.21790065604498593,-0.24476727929870548,-0.2772571452890698,-0.33099033459392574,-0.3622305529522024,-0.3959700093720712,-0.40784131866140466,-0.4140893852140933,-0.4178382137051898,-0.4184629803186504,-0.4184629803186504,-0.4184629803186504,-0.41971262795073805,-0.4234614564418346,-0.42908469917847936,-0.4328335276695759,-0.43345829428303656,-0.43345829428303656,-0.43345829428303656,-0.43345829428303656,-0.43345829428303656,-0.43408311809908035]","[0,0,0,0,0,0,0,0,0,0,0,0,0,0,0,0,0,0,0,0,1,1,1,1,1,1,1,1,1,1,1,1,0,0,0,0,0,0,0,0,0,0,0,0,0,0,0,0,0,0,0,0,0,0,0,0,0,0,0,0,0,0,0,0,0,0,0,0,0,0,0,0,0,0,0,1,1,1,1,1,1,1,1,1,1,1,1,1,1,1,1,1,1,1,1,1,1,1,1,1,1,1,1,1,1,1,1,1,1,1,1,1,1,1,1,1,1,1,1,1,1,1,1,1,1,1,1,1,1,1,1,1,1,1,1,1,1,1,1,1,1,1,1,1,1,1,1,1,1,1,1,1,1,1,1,1,1,1,1,1,1,1,1,1,1,1,1,0,0,0,0,0,0,0,0,0,0,0,0,0,0,0,0,0,0,0,0,0,0,0,0,0,0,0,0,0,0,0,1]","[0,0,0,0,0,0,0,0,0,0,0,0,0,0,0,0,0,0,0,0,0,0,0,0,0,0,0,0,0,0,0,0,0,0,0,0,0,0,0,0,0,0,0,0,0,0,0,0,0,0,0,0,0,0,0,0,0,0,0,0,0,0,0,0,0,0,0,0,0,0,0,0,0,0,0,0,0,0,0,0,0,0,0,0,0,0,0,0,0,0,0,0,0,0,0,0,0,0,0,0,0,0,0,0,0,0,0,0,0,0,0,0,0,0,0,0,0,0,0,0,0,0,0,0,0,0,0,0,0,0,0,0,0,0,0,0,0,0,0,0,0,0,0,0,0,0,0,0,0,0,0,0,0,0,0,0,0,0,0,0,0,0,0,0,0,0,0,0,0,0,0,0,0,0,0,0,0,0,0,0,0,0,0,0,0,0,0,0,0,0,0,0,0,0,0,0,0,0,0]","[0,0,0,0,0,0,0,0,0,0,0,0,0,0,0,0,0,0,0,0,0,0,0,0,0,0,0,0,0,0,0,0,0,0,0,0,0,0,0,0,0,0,0,0,0,0,0,0,0,0,0,0,0,0,0,0,0,0,0,0,0,0,0,0,0,0,0,0,0,0,0,0,0,0,0,0,0,0,0,0,0,0,0,0,0,0,0,0,0,0,0,0,0,0,0,0,0,0,0,0,0,0,0,0,0,0,0,0,0,0,0,0,0,0,0,0,0,0,0,0,0,0,0,0,0,0,0,0,0,0,0,0,0,0,0,0,0,0,0,0,0,0,0,0,0,0,0,0,0,0,0,0,0,0,0,0,0,0,0,0,0,0,0,0,0,0,0,0,0,0,0,0,0,0,0,0,0,0,0,0,0,0,0,0,0,0,0,0,0,0,0,0,0,0,0,0,0,0,0]","[0.00010000002384202844,0.013800000071526597,0.030100000023839613,0.047100000023842625,0.06370000004768173,0.08040000009536641,0.09710000002383978,0.11349999999999838,0.13040000009536712,0.14690000009536774,0.16380000007152518,0.18049999999999855,0.19720000004768323,0.2138000000715259,0.2306000000238413,0.24680000007152358,0.2635000000000005,0.28030000007152367,0.2971000000238426,0.3137000000476817,0.3303000000715244,0.3472000000476818,0.3643000000715233,0.3803000000715251,0.3972000000476825,0.4138000000715252,0.43049999999999855,0.4471000000238412,0.4634999999999998,0.48049999999999926,0.4971000000238419,0.5137000000476846,0.5304000000953657,0.5484000000953664,0.5638000000715238,0.5804000000953664,0.5973000000715238,0.6139000000953665,0.6307000000476819,0.6474000000953666,0.6639999999999979,0.6809000000953667,0.6973000000715253,0.7139999999999986,0.7309000000953674,0.7471000000238419,0.7641000000238414,0.7809000000953681,0.7971000000238426,0.8139000000953658,0.8309000000953652,0.8472000000476818,0.8638000000715245,0.8804000000953671,0.8974000000953666,0.9137000000476831,0.9304000000953678,0.9472000000476832,0.9639999999999986,0.9806000000238413,0.997400000095368,1.0139999999999993,1.030600000023842,1.0474000000953652,1.064100000023842,1.0805000000000007,1.0973000000715238,1.1134999999999984,1.130700000047682,1.1473000000715246,1.16410000002384,1.1807000000476826,1.19760000002384,1.2139999999999986,1.230400000095365,1.247200000047684,1.2652000000476846,1.280900000095368,1.2968000000715243,1.313400000095367,1.3304000000953664,1.3469999999999978,1.3637000000476824,1.3804000000953671,1.3969999999999985,1.4136000000238411,1.4309000000953667,1.4472000000476832,1.4641000000238407,1.4809000000953674,1.497100000023842,1.513900000095365,1.5305,1.5472000000476847,1.564100000023842,1.5808000000715232,1.5971000000238398,1.6136000000238404,1.6304000000953671,1.6472000000476825,1.664300000071524,1.6807000000476826,1.6971000000238412,1.7136000000238418,1.7301000000238425,1.747400000095368,1.7641000000238414,1.780600000023842,1.7973000000715231,1.8139000000953658,1.8307000000476847,1.8472000000476818,1.8638000000715245,1.8804999999999978,1.8971000000238405,1.915700000047682,1.9302000000476838,1.9471000000238412,1.9636000000238418,1.9807000000476833,1.9969999999999999,2.0138000000715266,2.0304000000953657,2.04690000009537,2.063900000095366,2.0802000000476824,2.0973000000715274,2.1141000000238392,2.130700000047682,2.1471000000238405,2.1641000000238435,2.180800000071528,2.197499999999998,2.2143000000715247,2.2307000000476833,2.247100000023842,2.2639000000953686,2.2806000000238384,2.297400000095365,2.3138000000715238,2.3307000000476847,2.3471000000238433,2.363700000047686,2.380499999999998,2.3973000000715246,2.413900000095367,2.430300000071526,2.4469000000953685,2.4638000000715223,2.4804999999999993,2.497300000071526,2.5135000000000005,2.5304000000953693,2.546999999999997,2.5638000000715238,2.5805000000000007,2.5972000000476854,2.613700000047686,2.630499999999998,2.6469999999999985,2.663900000095367,2.680400000095368,2.6970000000000027,2.7138000000715223,2.7307000000476833,2.747100000023842,2.7638000000715266,2.780000000000001,2.797300000071523,2.8137000000476817,2.8306000000238427,2.8473000000715274,2.86390000009537,2.8802000000476795,2.8974000000953666,2.9153000000715252,2.930600000023844,2.9471000000238377,2.9641000000238407,2.9804999999999993,2.997,3.013999999999996,3.0306000000238384,3.047400000095365,3.0638000000715238,3.0805000000000007,3.0976000000238386,3.113999999999997,3.1302000000476795,3.1474000000953666,3.163900000095367,3.180700000047686,3.1972000000476797,3.2138000000715223,3.230400000095365,3.247100000023842,3.2638000000715266,3.2803000000715272,3.29690000009537]","[""polygon_submitbutton"",""polygon_submitbutton"",""polygon_submitbutton"",""polygon_submitbutton"",""polygon_submitbutton"",""polygon_submitbutton"",""polygon_submitbutton"",""polygon_submitbutton"",""polygon_submitbutton"",""polygon_submitbutton"",""polygon_submitbutton"",""polygon_submitbutton"",""polygon_submitbutton"",""polygon_submitbutton"",""polygon_submitbutton"",""polygon_submitbutton"",""polygon_submitbutton""]",12,0,12,0,1,0.9,3,alone,74,3.2997
,BON001,2023-12-18_12h42.25.408,willingness2pay,2023.2.2,Win32,59.65519298,uk,"[-0.06576066164626289,-0.05888782848011364,-0.05388940955951265,-0.05076534768187676,-0.049515757252372304,-0.048266166822867856,-0.048266166822867856,-0.049515757252372304,-0.05638859041852155,-0.06388624740071462,-0.07075913776944705,-0.07950638518114457,-0.08263038985619728,-0.08700404216333762,-0.09700093720712277,-0.10449859418931584,-0.11012183692596064,-0.1144954320305178,-0.11512025584656162,-0.11636984627606607,-0.11699467009210988,-0.11824426052161434,-0.1376132267931408,-0.16447985004686036,-0.17635110213361058,-0.17822551637915884,-0.17822551637915884,-0.17822551637915884,-0.17885034019520268,-0.18322399250234303,-0.1888472352389878,-0.19509524458909325,-0.19634489222118087,-0.19634489222118087,-0.19634489222118087,-0.19634489222118087,-0.19634489222118087,-0.19634489222118087,-0.19634489222118087,-0.19634489222118087,-0.19634489222118087,-0.19634489222118087,-0.19634489222118087,-0.19634489222118087,-0.19634489222118087,-0.19634489222118087,-0.19509524458909325,-0.19259606373008434,-0.1913464160979967,-0.18447358293184746,-0.1800999306247071,-0.17322709745855788,-0.16198061198526828,-0.1457357075913777,-0.14073723146819353,-0.13886281722264526,-0.13823805060918462,-0.136988402977097,-0.13636363636363635,-0.13636363636363635,-0.13573881254759254,-0.13511398873154873,-0.13511398873154873,-0.13511398873154873,-0.13511398873154873,-0.13511398873154873,-0.13511398873154873,-0.13511398873154873,-0.13511398873154873,-0.13511398873154873,-0.10824742268041238,-0.10262417994376757,-0.1001249418821755,-0.09950011806613168,-0.09950011806613168,-0.09887535145267104,-0.09887535145267104,-0.09887535145267104,-0.09887535145267104,-0.09825052763662723,-0.09762570382058341,-0.09637611339107896,-0.0951265229615745,-0.09387687532948688,-0.09325210871602624,-0.09262728489998243,-0.09200246108393861,-0.09200246108393861,-0.09200246108393861,-0.09200246108393861,-0.09200246108393861,-0.09200246108393861,-0.09200246108393861,-0.09262728489998243,-0.09262728489998243,-0.09387687532948688,-0.09387687532948688,-0.09387687532948688,-0.0945016991455307,-0.0945016991455307,-0.0951265229615745,-0.09575128957503515,-0.09637611339107896,-0.09700093720712277,-0.09762570382058341,-0.09762570382058341,-0.09825052763662723,-0.09825052763662723,-0.09825052763662723,-0.09825052763662723,-0.09825052763662723,-0.09825052763662723,-0.09825052763662723,-0.09825052763662723,-0.09825052763662723,-0.09825052763662723,-0.09825052763662723,-0.09825052763662723,-0.09825052763662723,-0.09825052763662723,-0.09825052763662723,-0.09825052763662723,-0.09825052763662723,-0.09825052763662723,-0.09825052763662723,-0.09825052763662723,-0.09825052763662723,-0.09825052763662723,-0.09825052763662723,-0.09825052763662723,-0.09825052763662723,-0.09825052763662723,-0.09825052763662723,-0.09825052763662723,-0.09762570382058341,-0.09762570382058341,-0.09700093720712277,-0.09700093720712277,-0.09575128957503515,-0.0951265229615745,-0.0951265229615745,-0.0951265229615745,-0.0951265229615745,-0.0951265229615745,-0.0951265229615745,-0.0951265229615745,-0.0951265229615745,-0.0945016991455307,-0.0945016991455307,-0.0945016991455307,-0.0945016991455307,-0.09387687532948688,-0.09387687532948688,-0.09387687532948688,-0.09387687532948688,-0.09387687532948688,-0.09387687532948688,-0.09387687532948688,-0.09387687532948688,-0.09387687532948688,-0.09387687532948688,-0.09387687532948688,-0.09387687532948688,-0.09387687532948688,-0.09387687532948688,-0.09387687532948688,-0.09387687532948688,-0.08887845640888589,-0.08013120899718838,-0.07325831862845596,-0.06263665697121017,-0.05638859041852155,-0.04514210494523196,-0.03639485753353444,-0.028272376735297564,-0.02014995313964386,-0.017025891262007965,-0.01640112464854733,-0.01640112464854733,-0.01640112464854733,-0.01640112464854733,-0.01640112464854733,-0.01640112464854733,-0.01640112464854733,-0.01640112464854733,-0.01640112464854733,-0.01640112464854733,-0.01640112464854733,-0.01640112464854733,-0.01640112464854733,-0.01640112464854733]","[-0.4034676663542643,-0.38534834771482546,-0.3697282099343955,-0.35410812935654873,-0.34848488661990396,-0.33973758200562326,-0.3303655107778819,-0.3166198444455834,-0.2885036307623594,-0.2666354264292409,-0.24976569821930647,-0.23289597000937207,-0.22352389878163073,-0.21352706094042878,-0.19353327085285849,-0.1772883664589679,-0.1666667048017221,-0.16041863824903352,-0.15916904781952906,-0.15854422400348525,-0.15854422400348525,-0.1572946335739808,-0.13667607687294986,-0.10855986318972587,-0.09606373008434864,-0.09481413965484418,-0.09481413965484418,-0.09481413965484418,-0.09356454922533974,-0.0923149015932521,-0.09106531116374765,-0.0891908969181994,-0.0891908969181994,-0.0891908969181994,-0.0891908969181994,-0.0891908969181994,-0.0891908969181994,-0.0891908969181994,-0.0891908969181994,-0.0891908969181994,-0.0891908969181994,-0.0891908969181994,-0.0891908969181994,-0.0891908969181994,-0.0891908969181994,-0.0891908969181994,-0.09044048734770384,-0.09169013497979148,-0.09293972540929592,-0.09731337771643626,-0.1010622062075328,-0.10606062512813379,-0.11168386786477859,-0.11855670103092783,-0.12105593909251991,-0.12105593909251991,-0.12105593909251991,-0.12105593909251991,-0.12105593909251991,-0.12105593909251991,-0.11980634866301547,-0.11918152484697164,-0.11918152484697164,-0.11855670103092783,-0.11855670103092783,-0.11855670103092783,-0.11855670103092783,-0.11855670103092783,-0.11855670103092783,-0.11855670103092783,-0.11105904404873478,-0.11105904404873478,-0.11105904404873478,-0.11105904404873478,-0.11105904404873478,-0.11105904404873478,-0.11105904404873478,-0.11105904404873478,-0.11105904404873478,-0.11168386786477859,-0.11168386786477859,-0.11168386786477859,-0.11168386786477859,-0.11168386786477859,-0.11168386786477859,-0.11168386786477859,-0.11168386786477859,-0.11168386786477859,-0.11168386786477859,-0.11168386786477859,-0.1123086916808224,-0.1123086916808224,-0.11293345829428304,-0.11293345829428304,-0.11355828211032686,-0.11355828211032686,-0.11355828211032686,-0.11355828211032686,-0.11355828211032686,-0.11355828211032686,-0.11355828211032686,-0.11355828211032686,-0.11355828211032686,-0.11293345829428304,-0.11293345829428304,-0.11293345829428304,-0.11293345829428304,-0.11293345829428304,-0.11293345829428304,-0.11293345829428304,-0.11293345829428304,-0.11293345829428304,-0.11293345829428304,-0.11293345829428304,-0.11293345829428304,-0.11293345829428304,-0.11293345829428304,-0.11293345829428304,-0.11293345829428304,-0.11293345829428304,-0.11293345829428304,-0.11293345829428304,-0.11293345829428304,-0.11293345829428304,-0.11293345829428304,-0.11293345829428304,-0.11293345829428304,-0.11293345829428304,-0.11293345829428304,-0.11293345829428304,-0.11293345829428304,-0.11293345829428304,-0.11293345829428304,-0.11293345829428304,-0.11293345829428304,-0.11293345829428304,-0.11293345829428304,-0.11293345829428304,-0.11293345829428304,-0.11293345829428304,-0.11293345829428304,-0.11293345829428304,-0.11293345829428304,-0.11293345829428304,-0.11293345829428304,-0.11293345829428304,-0.11293345829428304,-0.11293345829428304,-0.11293345829428304,-0.11293345829428304,-0.11293345829428304,-0.11293345829428304,-0.11293345829428304,-0.11293345829428304,-0.11293345829428304,-0.11293345829428304,-0.11293345829428304,-0.11293345829428304,-0.11293345829428304,-0.11293345829428304,-0.11293345829428304,-0.11293345829428304,-0.11293345829428304,-0.11293345829428304,-0.11293345829428304,-0.11293345829428304,-0.1179319344174672,-0.14667291471415184,-0.18103719495006443,-0.20727899438774017,-0.24351768886920103,-0.2710090787363812,-0.31224619213844307,-0.3384879915761188,-0.3666042052593428,-0.39971883786316775,-0.4140893852140933,-0.41971262795073805,-0.42221180880974696,-0.42221180880974696,-0.42221180880974696,-0.42221180880974696,-0.42221180880974696,-0.4234614564418346,-0.4240862230552952,-0.4240862230552952,-0.4240862230552952,-0.4240862230552952,-0.4240862230552952,-0.4240862230552952,-0.42471104687133904]","[0,0,0,0,0,0,0,0,0,0,0,0,0,0,0,0,0,0,0,0,0,0,0,0,0,0,0,0,0,0,0,0,0,1,1,1,1,1,1,1,1,0,0,0,0,0,0,0,0,0,0,0,0,0,0,0,0,0,0,0,0,0,0,1,1,1,1,1,1,1,1,1,1,1,1,1,1,1,1,1,1,1,1,1,1,1,1,1,1,1,1,1,1,1,1,1,1,1,1,1,1,1,1,1,1,1,1,1,1,1,1,1,1,1,1,1,1,1,1,1,1,1,1,1,1,1,1,1,1,1,1,1,1,1,1,1,1,1,1,1,1,1,1,1,1,1,1,1,1,1,1,1,1,1,1,1,1,1,1,1,0,0,0,0,0,0,0,0,0,0,0,0,0,0,0,0,0,0,0,0,0,0,0,0,0,0,0,0,0,0,1]","[0,0,0,0,0,0,0,0,0,0,0,0,0,0,0,0,0,0,0,0,0,0,0,0,0,0,0,0,0,0,0,0,0,0,0,0,0,0,0,0,0,0,0,0,0,0,0,0,0,0,0,0,0,0,0,0,0,0,0,0,0,0,0,0,0,0,0,0,0,0,0,0,0,0,0,0,0,0,0,0,0,0,0,0,0,0,0,0,0,0,0,0,0,0,0,0,0,0,0,0,0,0,0,0,0,0,0,0,0,0,0,0,0,0,0,0,0,0,0,0,0,0,0,0,0,0,0,0,0,0,0,0,0,0,0,0,0,0,0,0,0,0,0,0,0,0,0,0,0,0,0,0,0,0,0,0,0,0,0,0,0,0,0,0,0,0,0,0,0,0,0,0,0,0,0,0,0,0,0,0,0,0,0,0,0,0,0,0,0,0,0]","[0,0,0,0,0,0,0,0,0,0,0,0,0,0,0,0,0,0,0,0,0,0,0,0,0,0,0,0,0,0,0,0,0,0,0,0,0,0,0,0,0,0,0,0,0,0,0,0,0,0,0,0,0,0,0,0,0,0,0,0,0,0,0,0,0,0,0,0,0,0,0,0,0,0,0,0,0,0,0,0,0,0,0,0,0,0,0,0,0,0,0,0,0,0,0,0,0,0,0,0,0,0,0,0,0,0,0,0,0,0,0,0,0,0,0,0,0,0,0,0,0,0,0,0,0,0,0,0,0,0,0,0,0,0,0,0,0,0,0,0,0,0,0,0,0,0,0,0,0,0,0,0,0,0,0,0,0,0,0,0,0,0,0,0,0,0,0,0,0,0,0,0,0,0,0,0,0,0,0,0,0,0,0,0,0,0,0,0,0,0,0]","[0.00010000002384202844,0.014299999952314124,0.03070000004768758,0.04749999999999943,0.06410000002384209,0.08060000002384271,0.09729999995231964,0.11410000002384635,0.13060000002383987,0.14760000002384288,0.16400000000000148,0.18079999995232043,0.19760000002384004,0.2142000000476827,0.23089999997615962,0.24770000004768633,0.2640000000000029,0.28079999995231475,0.2973999999761574,0.3142000000476841,0.33100000000000307,0.34720000004768536,0.36410000002384635,0.3808999999761582,0.3976000000238429,0.41420000004768553,0.43060000002384413,0.44700000000000273,0.4642000000476827,0.4811000000238437,0.4976000000238443,0.5141000000238449,0.5307000000476876,0.5473999999761574,0.5651000000238398,0.580799999952319,0.5971000000238433,0.6140000000000043,0.6304999999999978,0.6472000000476825,0.6642000000476855,0.6805000000000021,0.6980000000000004,0.7139999999999986,0.7307000000476833,0.7472000000476839,0.7648999999761585,0.7806000000238456,0.7977000000476835,0.8141000000238421,0.8311000000238451,0.8477000000476878,0.8640000000000043,0.8808999999761582,0.8977000000476849,0.9141000000238435,0.9308999999761625,0.947499999999998,0.964299999952317,0.9803999999761572,0.9973999999761602,1.014100000023845,1.0303999999761615,1.0470000000000041,1.0645000000000024,1.0812999999523143,1.0971000000238433,1.1140000000000043,1.1308999999761582,1.1469999999999985,1.1642000000476855,1.1808999999761625,1.197399999976156,1.2142000000476827,1.2307000000476833,1.2473999999761602,1.264100000023845,1.2807000000476876,1.2972999999523154,1.3142999999523184,1.330799999952319,1.3475000000000037,1.3642999999523155,1.3806000000238399,1.3987999999523169,1.4142000000476855,1.4307000000476862,1.4471000000238448,1.4638999999761566,1.4806000000238413,1.4977999999523206,1.514100000023845,1.5308999999761568,1.5474999999999994,1.564,1.580899999976161,1.5977000000476878,1.613700000047686,1.6306000000238399,1.6472000000476825,1.6640000000000015,1.6811000000238465,1.697399999976156,1.7142000000476827,1.7308999999761596,1.747200000047684,1.764100000023845,1.7806000000238456,1.7972000000476882,1.814,1.8303999999761587,1.8472999999523196,1.8637999999523203,1.8804999999999978,1.8972000000476825,1.9138999999761594,1.9306000000238441,1.9471000000238448,1.9638999999761566,1.9804999999999993,1.9972999999523182,2.013899999976161,2.0305000000000035,2.0472999999523154,2.063899999976158,2.0806000000238427,2.0972000000476854,2.1137999999523203,2.13060000002384,2.147299999952317,2.1638999999761594,2.180600000023844,2.197499999999998,2.2139999999999986,2.2325000000000017,2.247,2.264000000000003,2.2805000000000035,2.297200000047688,2.314200000047684,2.3321000000238428,2.3472000000476854,2.363700000047686,2.38060000002384,2.3971000000238405,2.413700000047683,2.430600000023844,2.447399999976156,2.4638999999761566,2.4804999999999993,2.497299999952318,2.514200000047687,2.5303999999761615,2.5474999999999994,2.5642999999523184,2.5891000000238407,2.5968999999761593,2.613700000047686,2.6302000000476866,2.6469999999999985,2.664399999976162,2.680500000000002,2.697399999976156,2.7137999999523146,2.7307000000476833,2.747299999952318,2.764000000000003,2.780999999999999,2.7974999999999994,2.814,2.8307000000476847,2.8473999999761617,2.8638999999761623,2.88060000002384,2.897299999952317,2.914500000000004,2.9310000000000045,2.947200000047687,2.964299999952317,2.9807000000476833,2.997200000047684,3.013899999976161,3.0307999999523147,3.0476000000238415,3.064200000047684,3.0806000000238427,3.0972000000476854,3.1138999999761623,3.130299999952321,3.1468999999761564,3.163499999999999]","[""polygon_submitbutton"",""polygon_submitbutton"",""polygon_submitbutton"",""polygon_submitbutton"",""polygon_submitbutton"",""polygon_submitbutton"",""polygon_submitbutton"",""polygon_submitbutton"",""polygon_submitbutton"",""polygon_submitbutton"",""polygon_submitbutton"",""polygon_submitbutton"",""polygon_submitbutton"",""polygon_submitbutton"",""polygon_submitbutton"",""polygon_submitbutton"",""polygon_submitbutton"",""polygon_submitbutton""]",13,0,13,0,1,0.209204242,2,together,35.5,3.166
,BON001,2023-12-18_12h42.25.408,willingness2pay,2023.2.2,Win32,59.65519298,uk,"[0.05170261200723407,0.06357392129656748,0.06794751640112465,0.08044364950650187,0.08731648267265113,0.095438963470888,0.09731337771643626,0.0979381443298969,0.09856296814594072,0.10793503937368205,0.1148078725398313,0.11980634866301547,0.12230552952202436,0.12230552952202436,0.12293035333806818,0.12293035333806818,0.12293035333806818,0.12293035333806818,0.123555177154112,0.12417994376757263,0.13105283413630506,0.1429240862230553,0.15542021932843253,0.1666667048017221,0.16729147141518275,0.16854111904727037,0.169165885660731,0.169165885660731,0.169165885660731,0.169165885660731,0.169165885660731,0.169165885660731,0.16979076667935802,0.16979076667935802,0.16979076667935802,0.16979076667935802,0.16979076667935802,0.16979076667935802,0.16979076667935802,0.16979076667935802,0.16979076667935802,0.16979076667935802,0.16979076667935802,0.16979076667935802,0.16979076667935802,0.16979076667935802,0.16979076667935802,0.16979076667935802,0.16979076667935802,0.16979076667935802,0.16979076667935802,0.16979076667935802,0.16979076667935802,0.1635426429240862,0.15604498594189317,0.14229931960959466,0.12480476758361644,0.0891908969181994,0.07169634489222118,0.0554514404983306,0.05232743582327788,0.05170261200723407,0.05170261200723407,0.05170261200723407,0.05107778819119025,0.04920337394564199,0.04170571696344892,0.035457707613343485,0.029834464876698687,0.02296157450796626,0.011090322421216027,-0.006404229604762184,-0.013901886586955249,-0.018900305507556232,-0.0207747197531045,-0.022649133998652763,-0.029522024367385193,-0.03639485753353444,-0.04389251451572751,-0.04389251451572751,-0.04576692876127577,-0.04639175257731959,-0.04639175257731959,-0.04639175257731959,-0.04639175257731959,-0.04639175257731959,-0.04639175257731959,-0.04639175257731959,-0.04639175257731959,-0.04639175257731959,-0.04639175257731959,-0.049515757252372304,-0.0607622427256619,-0.0776319709355963,-0.09325210871602624,-0.10637300843486411,-0.11262101778496954,-0.1144954320305178,-0.11512025584656162,-0.11512025584656162,-0.11512025584656162,-0.11512025584656162,-0.11512025584656162,-0.11512025584656162,-0.11512025584656162,-0.11512025584656162,-0.11512025584656162,-0.11636984627606607,-0.11824426052161434,-0.11824426052161434,-0.11886908433765815,-0.11949390815370196,-0.1201186747671626,-0.12074349858320642,-0.12136832239925023,-0.12136832239925023,-0.12449232707430295,-0.13261480787253982,-0.13511398873154873,-0.136988402977097,-0.136988402977097,-0.1344892221180881,-0.12824115556539947,-0.10699777504832474,-0.08575445173383317,-0.06138706654170572,-0.030146790980845828,-0.013277062770911435,0.00046860356138706655,0.0054670796845712275,0.007966260543580132,0.009840674789128397,0.009840674789128397,0.009840674789128397,0.006091846298031865,0.0017182511934746953,-0.0007809868681173852,-0.004529815359213918,-0.006404229604762184,-0.008903467666354265,-0.010153058095858716,-0.011402648525363168,-0.013277062770911435,-0.0151514770164597,-0.01640112464854733,-0.017025891262007965,-0.01765071507805178,-0.018275538894095594]","[-0.29662605435801315,-0.2747579072274777,-0.2678850740613285,-0.24414245548266167,-0.2316463795798676,-0.21852547986102977,-0.21415182755388942,-0.21227741330834116,-0.21165264669488051,-0.19665733273049438,-0.18541084725720477,-0.1772883664589679,-0.17416436178391517,-0.17416436178391517,-0.17353953796787136,-0.17353953796787136,-0.17353953796787136,-0.17353953796787136,-0.17291471415182755,-0.1722899475383669,-0.1635426429240862,-0.151671390837336,-0.14104967197750704,-0.13417683881135778,-0.13417683881135778,-0.13417683881135778,-0.13417683881135778,-0.13417683881135778,-0.13417683881135778,-0.13417683881135778,-0.13417683881135778,-0.13417683881135778,-0.13417683881135778,-0.13417683881135778,-0.13417683881135778,-0.13417683881135778,-0.13417683881135778,-0.13417683881135778,-0.13417683881135778,-0.13417683881135778,-0.13417683881135778,-0.13417683881135778,-0.13417683881135778,-0.13417683881135778,-0.13417683881135778,-0.13417683881135778,-0.13417683881135778,-0.13417683881135778,-0.13417683881135778,-0.13417683881135778,-0.13417683881135778,-0.13417683881135778,-0.13417683881135778,-0.13855049111849813,-0.14479850046860357,-0.1579194001874414,-0.17353953796787136,-0.20353016589664363,-0.2166510656154815,-0.22977196533431934,-0.23227120339591142,-0.23289597000937207,-0.23289597000937207,-0.23289597000937207,-0.2316463795798676,-0.2260231368432228,-0.21540147518597705,-0.20977823244933225,-0.20353016589664363,-0.19603250891445057,-0.18103719495006443,-0.15479539551238872,-0.13980008154800258,-0.1291784198907568,-0.12480476758361644,-0.1204311152764761,-0.10606062512813379,-0.09044048734770384,-0.08169323993600633,-0.08169323993600633,-0.08106841611996252,-0.08106841611996252,-0.08106841611996252,-0.08106841611996252,-0.08106841611996252,-0.08106841611996252,-0.08106841611996252,-0.08106841611996252,-0.08106841611996252,-0.08106841611996252,-0.08106841611996252,-0.08231806375205014,-0.08481724461105905,-0.0891908969181994,-0.09106531116374765,-0.09606373008434864,-0.09918779196198453,-0.10043738239148899,-0.10168697282099344,-0.10168697282099344,-0.10168697282099344,-0.10168697282099344,-0.10168697282099344,-0.10231179663703725,-0.10293662045308107,-0.10356138706654171,-0.10418621088258552,-0.10793503937368205,-0.1148078725398313,-0.11668228678537956,-0.11730711060142339,-0.11730711060142339,-0.11730711060142339,-0.11730711060142339,-0.11730711060142339,-0.11730711060142339,-0.11855670103092783,-0.12480476758361644,-0.1266791818291647,-0.12980318650421743,-0.13417683881135778,-0.1404249053640464,-0.15229615745079664,-0.17353953796787136,-0.18978444236176195,-0.20790381820378398,-0.23477038425492033,-0.25164011246485474,-0.27163390255242503,-0.2797563261480787,-0.28662921651681117,-0.29475164011246485,-0.30099970666515347,-0.3109966017089386,-0.3334895726555178,-0.3497344770494084,-0.3584817244611059,-0.36722902907538657,-0.3716026241799438,-0.3753514526710403,-0.37910028116213684,-0.38034992879422447,-0.38347393346927716,-0.38597317153086924,-0.38784758577641754,-0.3897220000219658,-0.3897220000219658,-0.39034676663542645]","[0,0,0,0,0,0,0,0,0,0,0,0,0,0,0,0,0,0,0,0,0,0,0,0,0,0,0,0,0,0,0,0,1,1,1,1,1,1,0,0,0,0,0,0,0,0,0,0,0,0,0,0,0,0,0,0,0,0,0,0,0,0,0,0,0,0,0,0,0,0,0,0,0,0,0,0,0,0,0,0,0,1,1,1,1,1,1,1,1,1,1,1,1,1,1,1,1,1,1,1,1,1,1,1,1,1,1,1,1,1,1,1,1,1,1,1,1,0,0,0,0,0,0,0,0,0,0,0,0,0,0,0,0,0,0,0,0,0,0,0,0,0,0,0,0,0,0,1]","[0,0,0,0,0,0,0,0,0,0,0,0,0,0,0,0,0,0,0,0,0,0,0,0,0,0,0,0,0,0,0,0,0,0,0,0,0,0,0,0,0,0,0,0,0,0,0,0,0,0,0,0,0,0,0,0,0,0,0,0,0,0,0,0,0,0,0,0,0,0,0,0,0,0,0,0,0,0,0,0,0,0,0,0,0,0,0,0,0,0,0,0,0,0,0,0,0,0,0,0,0,0,0,0,0,0,0,0,0,0,0,0,0,0,0,0,0,0,0,0,0,0,0,0,0,0,0,0,0,0,0,0,0,0,0,0,0,0,0,0,0,0,0,0,0,0,0,0]","[0,0,0,0,0,0,0,0,0,0,0,0,0,0,0,0,0,0,0,0,0,0,0,0,0,0,0,0,0,0,0,0,0,0,0,0,0,0,0,0,0,0,0,0,0,0,0,0,0,0,0,0,0,0,0,0,0,0,0,0,0,0,0,0,0,0,0,0,0,0,0,0,0,0,0,0,0,0,0,0,0,0,0,0,0,0,0,0,0,0,0,0,0,0,0,0,0,0,0,0,0,0,0,0,0,0,0,0,0,0,0,0,0,0,0,0,0,0,0,0,0,0,0,0,0,0,0,0,0,0,0,0,0,0,0,0,0,0,0,0,0,0,0,0,0,0,0,0]","[0.00009999990463427366,0.013299999952316455,0.03009999990463541,0.04679999995232009,0.06350000000000477,0.08029999995231663,0.09679999995231725,0.11379999995232026,0.13050000000000495,0.1467999999523144,0.1636999999284754,0.1805000000000021,0.19679999995231867,0.21350000000000335,0.23069999992847556,0.24679999995231583,0.2631999999284744,0.28019999992847744,0.2968999999761621,0.31400000000000006,0.33009999990463257,0.3470000000000013,0.36350000000000193,0.38019999992847886,0.39709999990463274,0.41339999997615706,0.43029999995231805,0.44650000000000034,0.4632999999523193,0.4797999999523199,0.49679999995231583,0.5135000000000005,0.5298999999761591,0.5480000000000018,0.5635000000000048,0.5813999999761563,0.5967999999523173,0.6140000000000043,0.6295999999046344,0.6476999999284772,0.663199999928473,0.680199999928476,0.6965999999046346,0.7135000000000034,0.729899999976162,0.7469999999999999,0.7636999999284768,0.7801999999284774,0.7968999999761621,0.8135999999046319,0.8298999999761563,0.8467999999523173,0.8636999999284782,0.8800000000000026,0.8973999999761588,0.9136999999284754,0.930199999928476,0.9472999999523211,0.9640999999046329,0.9803999999761572,0.9970999999046342,1.0135999999046348,1.0300999999046354,1.0468999999761621,1.0635000000000048,1.0811999999284794,1.0971999999284776,1.1132999999523179,1.1302999999523209,1.1468999999761564,1.163499999999999,1.180500000000002,1.1970000000000027,1.2135000000000034,1.2306999999284756,1.2467999999523158,1.2636999999284768,1.2824999999999989,1.2968999999761621,1.3132999999523207,1.3303999999761587,1.3466999999284752,1.3642999999523155,1.380399999976163,1.3965999999046375,1.413199999928473,1.4299999999999997,1.4466999999284766,1.4633999999761613,1.4801999999284732,1.4967999999523158,1.5135000000000005,1.5301999999284774,1.5470000000000041,1.563699999928474,1.580699999928477,1.5971999999284776,1.6135999999046362,1.6300999999046368,1.6466999999284795,1.663399999976157,1.6799999999999997,1.6968999999761607,1.7133999999761613,1.730000000000004,1.7470999999046342,1.7635000000000005,1.7801999999284774,1.7970999999046313,1.8133999999761627,1.830599999904635,1.8470999999046356,1.863500000000002,1.8802999999523209,1.8968999999761564,1.913399999976157,1.930500000000002,1.9465000000000003,1.9633999999761613,1.9803999999761572,1.9966999999284738,2.013899999976161,2.0303999999761615,2.046899999976162,2.063699999928474,2.0800999999046326,2.0966999999284752,2.113500000000002,2.1300000000000026,2.1470999999046327,2.163299999952315,2.1798999999761577,2.1968999999761607,2.2135000000000034,2.230199999928473,2.247199999928476,2.263599999904635,2.2803999999761615,2.2971999999284733,2.3133999999761627,2.3302999999523166,2.3470999999046356,2.370399999976158,2.380299999952321,2.3969999999999985,2.4135999999046334,2.43039999997616,2.4470000000000027]","[""polygon_submitbutton"",""polygon_submitbutton"",""polygon_submitbutton"",""polygon_submitbutton"",""polygon_submitbutton"",""polygon_submitbutton"",""polygon_submitbutton"",""polygon_submitbutton"",""polygon_submitbutton"",""polygon_submitbutton""]",14,0,14,0,1,0.312990612,21,alone,29.5,2.45
,BON001,2023-12-18_12h42.25.408,willingness2pay,2023.2.2,Win32,59.65519298,uk,"[0.1666667048017221,0.16854111904727037,0.169165885660731,0.1716651809249063,0.17603877602946344,0.17916283790709933,0.17978760452055997,0.18041237113402062,0.18041237113402062,0.18041237113402062,0.18041237113402062,0.18041237113402062,0.18041237113402062,0.17916283790709933,0.1779131902750117,0.17728842366155106,0.17603877602946344,0.17478912839737581,0.1722899475383669,0.1722899475383669,0.1722899475383669,0.1722899475383669,0.1722899475383669,0.1722899475383669,0.1722899475383669,0.1722899475383669,0.1722899475383669,0.1722899475383669,0.1722899475383669,0.1722899475383669,0.1722899475383669,0.15604498594189317,0.13042801032026125,0.10481103469862933,0.07419558295381326,0.05295220243673852,0.02858481724461106,0.017338331771321464,0.0067166701140756796,-0.003904991543170103,-0.018275538894095594,-0.026397962489749297,-0.03389561947194236,-0.03639485753353444,-0.037019681349578254,-0.037019681349578254,-0.037019681349578254,-0.037019681349578254,-0.037019681349578254,-0.037019681349578254,-0.037019681349578254,-0.037019681349578254]","[-0.09668855390039245,-0.095438963470888,-0.09481413965484418,-0.0923149015932521,-0.08794130648869494,-0.08544206842710286,-0.08419247799759841,-0.0835676541815546,-0.0835676541815546,-0.0835676541815546,-0.0835676541815546,-0.0835676541815546,-0.0835676541815546,-0.08419247799759841,-0.08481724461105905,-0.08481724461105905,-0.0866916588566073,-0.08731648267265113,-0.08856607310215557,-0.08856607310215557,-0.08856607310215557,-0.08856607310215557,-0.08856607310215557,-0.08856607310215557,-0.08856607310215557,-0.08856607310215557,-0.08856607310215557,-0.08856607310215557,-0.08856607310215557,-0.08856607310215557,-0.08856607310215557,-0.10606062512813379,-0.12792877225866917,-0.15229615745079664,-0.18416119962511715,-0.20852858481724462,-0.24101845080760895,-0.26038741707913543,-0.2791315595346181,-0.29412687349900424,-0.31724461105904406,-0.332864748839474,-0.35160889129495665,-0.3622305529522024,-0.3703530337504393,-0.37910028116213684,-0.3822243430397727,-0.384098757285321,-0.3847235238987816,-0.3847235238987816,-0.3847235238987816,-0.3847235238987816]","[0,0,0,0,0,0,0,0,0,0,0,0,0,0,0,0,0,0,0,1,1,1,1,1,1,0,0,0,0,0,0,0,0,0,0,0,0,0,0,0,0,0,0,0,0,0,0,0,0,0,0,1]","[0,0,0,0,0,0,0,0,0,0,0,0,0,0,0,0,0,0,0,0,0,0,0,0,0,0,0,0,0,0,0,0,0,0,0,0,0,0,0,0,0,0,0,0,0,0,0,0,0,0,0,0]","[0,0,0,0,0,0,0,0,0,0,0,0,0,0,0,0,0,0,0,0,0,0,0,0,0,0,0,0,0,0,0,0,0,0,0,0,0,0,0,0,0,0,0,0,0,0,0,0,0,0,0,0]","[0,0.013500000000000512,0.030000000000001137,0.04689999997616212,0.06349999999999767,0.0799999999999983,0.09679999995231725,0.11379999995232026,0.12989999997616053,0.14629999995231913,0.16310000002384584,0.17969999992847363,0.19660000002384237,0.21319999992847727,0.230100000023846,0.24660000002383953,0.26329999995231645,0.2797999999523171,0.2968999999761621,0.31339999997615564,0.33039999997615865,0.3470000000000013,0.3632999999523179,0.37950000000000017,0.3965000000000032,0.41310000002384584,0.43029999995231805,0.44660000002384237,0.4633999999761613,0.47989999997616195,0.49689999997615786,0.5136000000238425,0.5302999999523195,0.5466999999284781,0.5636000000238397,0.5802999999523166,0.596600000023841,0.613600000023844,0.6298999999761605,0.6467999999523144,0.6634999999999991,0.680199999928476,0.6968999999761607,0.7136999999284726,0.7303999999761572,0.7467999999523158,0.7633999999761585,0.7801000000238432,0.7970000000000041,0.8130000000000024,0.8296999999284722,0.846600000023841]","[""polygon_submitbutton"",""polygon_submitbutton"",""polygon_submitbutton"",""polygon_submitbutton"",""polygon_submitbutton"",""polygon_submitbutton"",""polygon_submitbutton"",""polygon_submitbutton""]",15,0,15,0,1,0.386247676,5,together,76.5,0.8494
,BON001,2023-12-18_12h42.25.408,willingness2pay,2023.2.2,Win32,59.65519298,uk,"[-0.037019681349578254,-0.037019681349578254,-0.037019681349578254,-0.037019681349578254,-0.037019681349578254,-0.014526710402999063,0.009840674789128397,0.02858481724461106,0.03733212185889175,0.04358013120899719,0.05420185006882615,0.0610746832349754,0.06544833554211575,0.06794751640112465,0.06982193064667291,0.07357075913776945,0.0923149015932521,0.10606062512813379,0.11980634866301547,0.123555177154112,0.1260543580131209,0.12980318650421743,0.1316776007497657,0.13292724838185332,0.13355201499531397,0.13355201499531397,0.1348016626274016,0.1348016626274016,0.1348016626274016,0.1348016626274016,0.1348016626274016,0.1348016626274016,0.1348016626274016,0.1348016626274016,0.1348016626274016,0.1348016626274016,0.1348016626274016,0.1348016626274016,0.1348016626274016,0.1348016626274016,0.13417683881135778,0.1291784198907568,0.12293035333806818,0.11855670103092783,0.11543269635587512,0.1148078725398313,0.11418310592637067,0.11418310592637067,0.11418310592637067,0.11355828211032686,0.11168386786477859,0.08981572073424321,0.060449859418931585,0.03670729804284794,0.017338331771321464,0.006091846298031865,-0.0014058106841611997,-0.011402648525363168,-0.017025891262007965,-0.02014995313964386,-0.022024367385192128,-0.022649133998652763]","[-0.3847235238987816,-0.3847235238987816,-0.3847235238987816,-0.3847235238987816,-0.3847235238987816,-0.33973758200562326,-0.2910028116213683,-0.24664169354425375,-0.22664796065926662,-0.21352706094042878,-0.19290850423939784,-0.18166201876610824,-0.17353953796787136,-0.1666667048017221,-0.16166822867853795,-0.14979697659178773,-0.10793503937368205,-0.08794130648869494,-0.072321168708265,-0.06919716403321227,-0.067322749787664,-0.06482351172607193,-0.06419868791002811,-0.06357392129656748,-0.06294909748052366,-0.06294909748052366,-0.06232427366447985,-0.06232427366447985,-0.06232427366447985,-0.06232427366447985,-0.06232427366447985,-0.06232427366447985,-0.06232427366447985,-0.06232427366447985,-0.06232427366447985,-0.06232427366447985,-0.06232427366447985,-0.06232427366447985,-0.06232427366447985,-0.06232427366447985,-0.06419868791002811,-0.07044675446271673,-0.07856923526095361,-0.0835676541815546,-0.08794130648869494,-0.08856607310215557,-0.0891908969181994,-0.0891908969181994,-0.0891908969181994,-0.08981572073424321,-0.09169013497979148,-0.11918152484697164,-0.1579194001874414,-0.19603250891445057,-0.24039362699156513,-0.27413308341143394,-0.30662294940179824,-0.34910965323336457,-0.3697282099343955,-0.3828491096532334,-0.3922211808809747,-0.394095595126523]","[0,0,0,0,0,0,0,0,0,0,0,0,0,0,0,0,0,0,0,0,0,0,0,0,0,0,0,0,1,1,1,1,1,1,0,0,0,0,0,0,0,0,0,0,0,0,0,0,0,0,0,0,0,0,0,0,0,0,0,0,0,1]","[0,0,0,0,0,0,0,0,0,0,0,0,0,0,0,0,0,0,0,0,0,0,0,0,0,0,0,0,0,0,0,0,0,0,0,0,0,0,0,0,0,0,0,0,0,0,0,0,0,0,0,0,0,0,0,0,0,0,0,0,0,0]","[0,0,0,0,0,0,0,0,0,0,0,0,0,0,0,0,0,0,0,0,0,0,0,0,0,0,0,0,0,0,0,0,0,0,0,0,0,0,0,0,0,0,0,0,0,0,0,0,0,0,0,0,0,0,0,0,0,0,0,0,0,0]","[0,0.013500000000000512,0.030100000023843165,0.04690000009536277,0.06330000007152137,0.08010000002384032,0.096800000071525,0.11340000009536766,0.13030000007152154,0.1469000000953642,0.1634999999999991,0.18070000004767905,0.19690000009536845,0.21390000009536436,0.23049999999999926,0.24710000002384191,0.2639000000953686,0.2802000000476852,0.29690000009536277,0.31380000007152375,0.33020000004768235,0.3470000000000013,0.36390000009536294,0.38030000007152154,0.39699999999999847,0.4134999999999991,0.43010000002384174,0.44660000002384237,0.4636000000238383,0.48149999999999693,0.4971000000238419,0.5133000000715242,0.5301000000238432,0.5468000000715207,0.5634000000953634,0.581100000023838,0.596800000071525,0.613600000023844,0.6302000000476795,0.6471000000238405,0.6638000000715252,0.680700000047679,0.6968000000715264,0.7134999999999962,0.730400000095365,0.7469000000953656,0.7638000000715266,0.7803000000715272,0.7969000000953628,0.8139000000953658,0.8303000000715244,0.846900000095367,0.8639000000953629,0.8804999999999978,0.8968000000715222,0.9137000000476831,0.9303000000715258,0.9472000000476797,0.9639000000953644,0.9804999999999993,0.9969000000953656,1.0135000000000005]","[""polygon_submitbutton"",""polygon_submitbutton"",""polygon_submitbutton"",""polygon_submitbutton"",""polygon_submitbutton"",""polygon_submitbutton"",""polygon_submitbutton"",""polygon_submitbutton""]",16,0,16,0,1,0.103739467,23,together,71,1.0166
,BON001,2023-12-18_12h42.25.408,willingness2pay,2023.2.2,Win32,59.65519298,uk,"[-0.028272376735297564,-0.042642924086223055,-0.049515757252372304,-0.05388940955951265,-0.05951265229615745,-0.06326148078725398,-0.0720087281989515,-0.08138079942669282,-0.09075287065443416,-0.10449859418931584,-0.11012183692596064,-0.11324584160101335,-0.11824426052161434,-0.12261791282875469,-0.12886597938144329,-0.1376132267931408,-0.14136205528423734,-0.1457357075913777,-0.1482348884503866,-0.15323336457357076,-0.16385502623081655,-0.16635426429240863,-0.17135268321300962,-0.1738519212746017,-0.17510151170410615,-0.17635110213361058,-0.17697592594965442,-0.17697592594965442,-0.17697592594965442,-0.17697592594965442,-0.17760074976569823,-0.17760074976569823,-0.17760074976569823,-0.17760074976569823,-0.17760074976569823,-0.17760074976569823,-0.17760074976569823,-0.17760074976569823,-0.17760074976569823,-0.17760074976569823,-0.17760074976569823,-0.15510777881911902,-0.12449232707430295,-0.09700093720712277,-0.08512962791778936,-0.07450796626054358,-0.07075913776944705,-0.06701030927835051,-0.06451107121675843,-0.06138706654170572,-0.05888782848011364,-0.05576382380506092,-0.055138999989017105,-0.05451417617297329,-0.05451417617297329,-0.05388940955951265,-0.05388940955951265,-0.05388940955951265,-0.05326458574346884,-0.05326458574346884,-0.05326458574346884,-0.05326458574346884,-0.05326458574346884,-0.05326458574346884,-0.05326458574346884]","[-0.3728522718120314,-0.31786943487508784,-0.30099970666515347,-0.2910028116213683,-0.28288038802571464,-0.2778819119025305,-0.2666354264292409,-0.2566385885880389,-0.2422680412371134,-0.225398313027179,-0.2197750702905342,-0.21602624179943766,-0.21227741330834116,-0.20790381820378398,-0.1997813374055471,-0.18666043768670923,-0.18041237113402062,-0.17291471415182755,-0.16791629523122656,-0.1579194001874414,-0.1404249053640464,-0.1348016626274016,-0.12542959139966026,-0.12105593909251991,-0.11918152484697164,-0.11855670103092783,-0.1179319344174672,-0.11730711060142339,-0.11730711060142339,-0.11730711060142339,-0.11730711060142339,-0.11730711060142339,-0.11730711060142339,-0.11730711060142339,-0.11730711060142339,-0.11730711060142339,-0.11730711060142339,-0.11730711060142339,-0.11730711060142339,-0.11730711060142339,-0.11730711060142339,-0.1429240862230553,-0.18041237113402062,-0.225398313027179,-0.24726651736029756,-0.27163390255242503,-0.28350515463917525,-0.2991252924196052,-0.31474543020003515,-0.33099033459392574,-0.3428616438832591,-0.3522337151110005,-0.3547328959700094,-0.3553577197860532,-0.355982543602097,-0.35660731021555764,-0.35785695784764526,-0.3591065482771497,-0.3634802005842901,-0.36910344332093487,-0.373477038425492,-0.37722586691658855,-0.3815995192237289,-0.3847235238987816,-0.38534834771482546]","[0,0,0,0,0,0,0,0,0,0,0,0,0,0,0,0,0,0,0,0,0,0,0,0,0,0,0,0,0,0,1,1,1,1,1,0,0,0,0,0,0,0,0,0,0,0,0,0,0,0,0,0,0,0,0,0,0,0,0,0,0,0,0,0,1]","[0,0,0,0,0,0,0,0,0,0,0,0,0,0,0,0,0,0,0,0,0,0,0,0,0,0,0,0,0,0,0,0,0,0,0,0,0,0,0,0,0,0,0,0,0,0,0,0,0,0,0,0,0,0,0,0,0,0,0,0,0,0,0,0,0]","[0,0,0,0,0,0,0,0,0,0,0,0,0,0,0,0,0,0,0,0,0,0,0,0,0,0,0,0,0,0,0,0,0,0,0,0,0,0,0,0,0,0,0,0,0,0,0,0,0,0,0,0,0,0,0,0,0,0,0,0,0,0,0,0,0]","[0.00010000002384202844,0.013500000000000512,0.030300000071527222,0.04670000004768582,0.06349999999999767,0.08039999997615865,0.09670000004768298,0.11360000002384396,0.13020000004768661,0.14689999997615644,0.1634999999999991,0.1798999999761577,0.19700000000000273,0.2137000000476803,0.2301000000238389,0.24680000007152358,0.2633999999761585,0.28000000000000114,0.296899999976155,0.31349999999999767,0.33039999997615865,0.3464999999999989,0.363700000047686,0.38000000000000256,0.39699999999999847,0.4134999999999991,0.4303000000715258,0.44700000000000273,0.463100000023843,0.4798000000715277,0.4964999999999975,0.5138000000715266,0.5301000000238432,0.5468000000715278,0.5631000000238444,0.5799999999999983,0.5963000000715226,0.6133999999761599,0.6300000000000026,0.6468000000715222,0.6633999999761571,0.6803000000715258,0.6967000000476844,0.7135000000000034,0.7299999999999969,0.7468999999761579,0.7640000000000029,0.7801000000238432,0.7968000000715278,0.813899999976158,0.8301000000238403,0.8470000000000013,0.863800000071528,0.8803999999761558,0.8968999999761564,0.9137000000476831,0.9298999999761577,0.9468999999761607,0.963300000071527,0.9802000000476809,0.9971000000238419,1.0137000000476846,1.0302000000476852,1.046999999999997,1.0633999999761556]","[""polygon_submitbutton"",""polygon_submitbutton"",""polygon_submitbutton"",""polygon_submitbutton"",""polygon_submitbutton"",""polygon_submitbutton""]",17,0,17,0,1,0.38911409,20,together,22.5,1.0665
,BON001,2023-12-18_12h42.25.408,willingness2pay,2023.2.2,Win32,59.65519298,uk,"[-0.049515757252372304,-0.04139327645413542,-0.017025891262007965,-0.0032802249297094657,0.011090322421216027,0.02421122214005389,0.032958469551751406,0.04482977884108482,0.0729459925243088,0.09169013497979148,0.10606062512813379,0.11168386786477859,0.11668228678537956,0.12480476758361644,0.13105283413630506,0.13542642924086223,0.1373008434864105,0.1373008434864105,0.1373008434864105,0.1373008434864105,0.1373008434864105,0.1373008434864105,0.1373008434864105,0.1373008434864105,0.1373008434864105,0.1373008434864105,0.1379256673024543,0.1379256673024543,0.1379256673024543,0.1379256673024543,0.1379256673024543,0.1379256673024543,0.1379256673024543,0.1379256673024543,0.1379256673024543,0.1379256673024543,0.1379256673024543,0.1379256673024543,0.1379256673024543,0.13667607687294986,0.11605752017191893,0.0891908969181994,0.06482351172607193,0.03920653610444002,0.027335226815106608,0.01483915091231256,0.0023430178069353325,-0.004529815359213918,-0.01077788191190253,-0.015776300832503514,-0.018275538894095594,-0.019525129323600048,-0.019525129323600048,-0.019525129323600048,-0.019525129323600048,-0.019525129323600048,-0.021399543569148312,-0.02452354824420103,-0.026397962489749297,-0.026397962489749297]","[-0.38034992879422447,-0.36910344332093487,-0.34223682006721534,-0.32911592034837744,-0.31724461105904406,-0.30537335897229384,-0.2935020496829604,-0.27850673571857426,-0.24101845080760895,-0.21290223712438497,-0.18666043768670923,-0.17416436178391517,-0.16416746674013002,-0.15229615745079664,-0.14104967197750704,-0.13355201499531397,-0.13042801032026125,-0.13042801032026125,-0.13042801032026125,-0.13042801032026125,-0.13042801032026125,-0.13042801032026125,-0.13042801032026125,-0.13042801032026125,-0.1291784198907568,-0.12855359607471298,-0.12792877225866917,-0.12792877225866917,-0.12792877225866917,-0.12792877225866917,-0.12792877225866917,-0.12792877225866917,-0.12792877225866917,-0.12792877225866917,-0.12792877225866917,-0.12792877225866917,-0.12792877225866917,-0.12792877225866917,-0.12792877225866917,-0.12855359607471298,-0.1460481481006912,-0.17416436178391517,-0.20415498971268745,-0.24664169354425375,-0.2703842549203374,-0.29412687349900424,-0.327866329918873,-0.3497344770494084,-0.36535461482983833,-0.37472668605757964,-0.3784755145486762,-0.38034992879422447,-0.38034992879422447,-0.38034992879422447,-0.3809746954076851,-0.3809746954076851,-0.3847235238987816,-0.39097159045147023,-0.3959700093720712,-0.3959700093720712]","[0,0,0,0,0,0,0,0,0,0,0,0,0,0,0,0,0,0,0,0,0,0,0,0,0,0,1,1,1,1,1,1,1,1,0,0,0,0,0,0,0,0,0,0,0,0,0,0,0,0,0,0,0,0,0,0,0,0,0,1]","[0,0,0,0,0,0,0,0,0,0,0,0,0,0,0,0,0,0,0,0,0,0,0,0,0,0,0,0,0,0,0,0,0,0,0,0,0,0,0,0,0,0,0,0,0,0,0,0,0,0,0,0,0,0,0,0,0,0,0,0]","[0,0,0,0,0,0,0,0,0,0,0,0,0,0,0,0,0,0,0,0,0,0,0,0,0,0,0,0,0,0,0,0,0,0,0,0,0,0,0,0,0,0,0,0,0,0,0,0,0,0,0,0,0,0,0,0,0,0,0,0]","[0,0.013500000000000512,0.030199999928470334,0.04679999995231299,0.06329999995231361,0.0799999999999983,0.09669999992847522,0.1133999999761528,0.12999999999999545,0.1467999999523144,0.16329999995231503,0.1798999999761577,0.19669999992846954,0.21359999990463052,0.23019999992847318,0.2464999999999975,0.2635000000000005,0.2797999999523171,0.29639999997615973,0.3131999999284716,0.32979999995231424,0.3464999999999989,0.3633999999761528,0.3798999999761534,0.39659999990463035,0.41359999990463336,0.4316999999284761,0.44679999995231157,0.4633999999761542,0.4799999999999969,0.4965999999046318,0.5132999999523165,0.5297999999523171,0.5462999999523177,0.5632999999523136,0.5805999999046279,0.5966999999284752,0.6132999999523179,0.6300999999046297,0.6469999999999985,0.6633999999761571,0.6799999999999997,0.6968999999761536,0.7132999999523122,0.7299999999999969,0.7466999999284738,0.7633999999761585,0.7801999999284703,0.796899999976155,0.8135999999046319,0.8299999999999983,0.8467999999523173,0.8633999999761528,0.8800999999046297,0.8969999999999985,0.9133999999761571,0.930399999976153,0.947299999952314,0.9634999999999962,0.9816999999284732]","[""polygon_submitbutton"",""polygon_submitbutton"",""polygon_submitbutton"",""polygon_submitbutton"",""polygon_submitbutton"",""polygon_submitbutton"",""polygon_submitbutton"",""polygon_submitbutton"",""polygon_submitbutton"",""polygon_submitbutton"",""polygon_submitbutton"",""polygon_submitbutton""]",18,0,18,0,1,0.226791538,23,alone,71.5,0.9846
,BON001,2023-12-18_12h42.25.408,willingness2pay,2023.2.2,Win32,59.65519298,uk,"[-0.04514210494523196,-0.049515757252372304,-0.052639761927425026,-0.05576382380506092,-0.06013741890961809,-0.0720087281989515,-0.0776319709355963,-0.08325521367224109,-0.08450480410174555,-0.08512962791778936,-0.08512962791778936,-0.08637921834729381,-0.08700404216333762,-0.08700404216333762,-0.08762886597938144,-0.08887845640888589,-0.09762570382058341,-0.10387377037327203,-0.10824742268041238,-0.11137142735546508,-0.11262101778496954,-0.11324584160101335,-0.11324584160101335,-0.1144954320305178,-0.1144954320305178,-0.1144954320305178,-0.1144954320305178,-0.1144954320305178,-0.1144954320305178,-0.1144954320305178,-0.1144954320305178,-0.1144954320305178,-0.1144954320305178,-0.1144954320305178,-0.08762886597938144,-0.047016519190780225,-0.03139643861293346,-0.021399543569148312,-0.010153058095858716,-0.005154639175257732,-0.0026554011136656515,0.001093427377430881,0.004217432052483599,0.007341493930119494,0.009840674789128397,0.009840674789128397,0.009840674789128397,0.008591084359623946,0.007341493930119494,0.0067166701140756796,0.0054670796845712275,0.004217432052483599,0.0017182511934746953,-0.0007809868681173852,-0.002030577297621837,-0.002030577297621837,-0.002030577297621837,-0.002030577297621837,-0.002030577297621837]","[-0.1429240862230553,-0.13855049111849813,-0.13605125305690605,-0.13542642924086223,-0.1323024245658095,-0.12480476758361644,-0.11980634866301547,-0.11605752017191893,-0.11543269635587512,-0.11543269635587512,-0.11543269635587512,-0.11543269635587512,-0.11605752017191893,-0.11605752017191893,-0.11668228678537956,-0.11668228678537956,-0.123555177154112,-0.1291784198907568,-0.13355201499531397,-0.13605125305690605,-0.13605125305690605,-0.13605125305690605,-0.13605125305690605,-0.13417683881135778,-0.13417683881135778,-0.13417683881135778,-0.13417683881135778,-0.13417683881135778,-0.13417683881135778,-0.13417683881135778,-0.13417683881135778,-0.13417683881135778,-0.13417683881135778,-0.13417683881135778,-0.15229615745079664,-0.18978444236176195,-0.21165264669488051,-0.2310215557638238,-0.2597625932630916,-0.27538273104352157,-0.2885036307623594,-0.3091221874633904,-0.3222430871822282,-0.3409872296377109,-0.3697282099343955,-0.38534834771482546,-0.39659483318811506,-0.4034676663542643,-0.40784131866140466,-0.41034055672299674,-0.4159637994596415,-0.4209622183802425,-0.4272102849329311,-0.43408311809908035,-0.4365823561606724,-0.4372071227741331,-0.4372071227741331,-0.4372071227741331,-0.4378319465901769]","[0,0,0,0,0,0,0,0,0,0,0,0,0,0,0,0,0,0,0,0,0,0,0,0,1,1,1,1,1,0,0,0,0,0,0,0,0,0,0,0,0,0,0,0,0,0,0,0,0,0,0,0,0,0,0,0,0,0,1]","[0,0,0,0,0,0,0,0,0,0,0,0,0,0,0,0,0,0,0,0,0,0,0,0,0,0,0,0,0,0,0,0,0,0,0,0,0,0,0,0,0,0,0,0,0,0,0,0,0,0,0,0,0,0,0,0,0,0,0]","[0,0,0,0,0,0,0,0,0,0,0,0,0,0,0,0,0,0,0,0,0,0,0,0,0,0,0,0,0,0,0,0,0,0,0,0,0,0,0,0,0,0,0,0,0,0,0,0,0,0,0,0,0,0,0,0,0,0,0]","[0,0.01330000007152421,0.029800000071524835,0.04650000000000176,0.06440000009536817,0.07990000009536402,0.09649999999999892,0.11310000002384157,0.1301000000238446,0.14680000007152216,0.1628000000715275,0.17990000009536544,0.19640000009536607,0.21300000000000097,0.2299000000953697,0.24640000009537033,0.26310000002384015,0.27990000009536686,0.29650000000000176,0.31860000002384226,0.329500000000003,0.34640000009536465,0.36299999999999955,0.37980000007152626,0.3960000000000008,0.4140000000000015,0.42990000009536544,0.44630000007152404,0.46300000000000097,0.4798000000715277,0.4971000000238419,0.5129999999999981,0.5298000000715248,0.5462000000476834,0.5633000000715285,0.5797000000476871,0.596600000023841,0.6135000000000019,0.6298000000715263,0.6467000000476801,0.6631000000238387,0.6798000000715234,0.6967000000476844,0.713200000047685,0.7299999999999969,0.7464000000953703,0.7634000000953662,0.7800000000000011,0.7968000000715278,0.8133000000715285,0.8299999999999983,0.846700000047683,0.8631000000238416,0.8797000000476842,0.8965000000000032,0.9131000000238387,0.9297000000476814,0.9464000000953661,0.9628000000715247]","[""polygon_submitbutton"",""polygon_submitbutton"",""polygon_submitbutton"",""polygon_submitbutton"",""polygon_submitbutton"",""polygon_submitbutton"",""polygon_submitbutton"",""polygon_submitbutton"",""polygon_submitbutton"",""polygon_submitbutton"",""polygon_submitbutton"",""polygon_submitbutton"",""polygon_submitbutton"",""polygon_submitbutton""]",19,0,19,0,1,0.298216779,4,together,32,0.9662
,BON001,2023-12-18_12h42.25.408,willingness2pay,2023.2.2,Win32,59.65519298,uk,"[0.042330540779492734,0.05982509280547094,0.08481724461105905,0.10043738239148899,0.11855670103092783,0.12730400564520852,0.13355201499531397,0.14479850046860357,0.15229615745079664,0.16229310969716496,0.17541400941600283,0.1779131902750117,0.17978760452055997,0.18416119962511715,0.1866604948892924,0.18791002811621368,0.18791002811621368,0.18416119962511715,0.16166822867853795,0.14792256234623946,0.14417373385514293,0.14354891003909911,0.14354891003909911,0.14354891003909911,0.14354891003909911,0.1429240862230553,0.1429240862230553,0.1429240862230553,0.14229931960959466,0.13980008154800258,0.13355201499531397,0.1291784198907568,0.12480476758361644,0.123555177154112,0.12293035333806818,0.12230552952202436,0.12105593909251991,0.1204311152764761,0.1204311152764761,0.1204311152764761,0.1204311152764761,0.1204311152764761,0.1204311152764761,0.1204311152764761,0.1204311152764761,0.1204311152764761,0.1204311152764761,0.1204311152764761,0.1204311152764761,0.1204311152764761,0.1204311152764761,0.1204311152764761,0.1204311152764761,0.1204311152764761,0.1179319344174672,0.10980945361923032,0.10855986318972587,0.1066854489441776,0.09356454922533974,0.07919400187441425,0.06607310215557638,0.047953783516137535,0.035457707613343485,0.015463917525773196,0.0054670796845712275,-0.0026554011136656515,-0.007653820034266635,-0.00827864385031045,-0.008903467666354265,-0.008903467666354265,-0.008903467666354265,-0.008903467666354265,-0.008903467666354265,-0.008903467666354265,-0.008903467666354265,-0.008903467666354265,-0.008903467666354265,-0.008903467666354265,-0.008903467666354265,-0.008903467666354265,-0.008903467666354265,-0.008903467666354265,-0.008903467666354265,-0.008903467666354265,-0.008903467666354265,-0.008903467666354265,-0.008903467666354265,-0.008903467666354265,-0.008903467666354265,-0.008903467666354265,-0.008903467666354265,-0.008903467666354265,-0.008903467666354265,-0.015776300832503514,-0.022024367385192128,-0.022649133998652763,-0.022649133998652763,-0.022649133998652763,-0.022649133998652763,-0.022649133998652763,-0.022649133998652763,-0.022649133998652763,-0.02327395781469658,-0.02327395781469658,-0.02327395781469658,-0.02327395781469658]","[-0.3272415061028292,-0.2910028116213683,-0.23851921274601687,-0.2047797563261481,-0.16979070947677483,-0.1572946335739808,-0.1460481481006912,-0.13042801032026125,-0.1179319344174672,-0.10043738239148899,-0.07919400187441425,-0.07544517338331772,-0.0729459925243088,-0.06669792597162019,-0.06169950705101921,-0.05857544517338332,-0.05795067855992268,-0.05670103092783505,-0.05295220243673852,-0.0498281977616858,-0.04920337394564199,-0.04857860733218135,-0.047953783516137535,-0.047953783516137535,-0.047953783516137535,-0.04857860733218135,-0.04920337394564199,-0.05107778819119025,-0.05420185006882615,-0.06357392129656748,-0.0779444114449098,-0.0891908969181994,-0.10168697282099344,-0.10731021555763824,-0.1123086916808224,-0.11730711060142339,-0.1204311152764761,-0.12293035333806818,-0.12293035333806818,-0.12293035333806818,-0.12293035333806818,-0.12293035333806818,-0.12293035333806818,-0.12293035333806818,-0.12293035333806818,-0.12293035333806818,-0.12293035333806818,-0.12293035333806818,-0.12293035333806818,-0.12293035333806818,-0.12293035333806818,-0.12293035333806818,-0.12293035333806818,-0.12293035333806818,-0.12792877225866917,-0.14417373385514293,-0.14667291471415184,-0.15104656702129218,-0.1779131902750117,-0.20790381820378398,-0.2310215557638238,-0.2653858359997364,-0.28600439270076733,-0.31537019681349576,-0.3334895726555178,-0.34723523898781633,-0.36035613870665417,-0.3634802005842901,-0.3641049671977507,-0.3641049671977507,-0.3641049671977507,-0.3641049671977507,-0.3641049671977507,-0.3641049671977507,-0.3641049671977507,-0.3641049671977507,-0.3641049671977507,-0.3641049671977507,-0.3641049671977507,-0.3641049671977507,-0.3641049671977507,-0.3641049671977507,-0.3641049671977507,-0.3641049671977507,-0.3641049671977507,-0.3641049671977507,-0.3641049671977507,-0.3641049671977507,-0.3641049671977507,-0.3641049671977507,-0.3641049671977507,-0.3641049671977507,-0.3641049671977507,-0.37910028116213684,-0.3922211808809747,-0.3934708285130623,-0.394095595126523,-0.394095595126523,-0.394095595126523,-0.394095595126523,-0.394095595126523,-0.394095595126523,-0.3953452427586106,-0.3953452427586106,-0.3953452427586106,-0.3953452427586106]","[0,0,0,0,0,0,0,0,0,0,0,0,0,0,0,0,0,0,0,0,0,0,0,0,0,0,0,0,0,0,0,0,0,0,0,0,0,0,0,1,1,1,1,1,1,0,0,0,0,0,0,0,0,0,0,0,0,0,0,0,0,0,0,0,0,0,0,0,0,0,0,0,0,0,0,1,1,1,1,1,1,1,0,0,0,0,0,0,0,0,0,0,0,0,0,0,0,0,0,0,0,0,0,0,0,1]","[0,0,0,0,0,0,0,0,0,0,0,0,0,0,0,0,0,0,0,0,0,0,0,0,0,0,0,0,0,0,0,0,0,0,0,0,0,0,0,0,0,0,0,0,0,0,0,0,0,0,0,0,0,0,0,0,0,0,0,0,0,0,0,0,0,0,0,0,0,0,0,0,0,0,0,0,0,0,0,0,0,0,0,0,0,0,0,0,0,0,0,0,0,0,0,0,0,0,0,0,0,0,0,0,0,0]","[0,0,0,0,0,0,0,0,0,0,0,0,0,0,0,0,0,0,0,0,0,0,0,0,0,0,0,0,0,0,0,0,0,0,0,0,0,0,0,0,0,0,0,0,0,0,0,0,0,0,0,0,0,0,0,0,0,0,0,0,0,0,0,0,0,0,0,0,0,0,0,0,0,0,0,0,0,0,0,0,0,0,0,0,0,0,0,0,0,0,0,0,0,0,0,0,0,0,0,0,0,0,0,0,0,0]","[0,0.015100000023842597,0.03190000009536931,0.04860000002383913,0.06570000004768417,0.08180000007152444,0.09870000004768542,0.11510000002384402,0.13190000009537073,0.14890000009536664,0.16499999999999915,0.18180000007152586,0.1986000000238448,0.2153000000715224,0.23210000002384135,0.248700000047684,0.2654000000953687,0.28170000004768525,0.2984999999999971,0.3153000000715238,0.33210000002384277,0.34850000000000136,0.3653000000715281,0.38160000002384464,0.3982000000476873,0.41540000009536726,0.43180000007152586,0.4484000000953685,0.4653000000715224,0.481800000071523,0.498700000047684,0.5150000000000006,0.5318000000715273,0.5484999999999971,0.5655000000000001,0.5822000000476848,0.5984000000953671,0.6153000000715281,0.6315000000000026,0.6481000000238453,0.6668000000715253,0.6821000000238442,0.6984000000953685,0.7148000000715271,0.7314999999999969,0.7483000000715236,0.7661000000238403,0.7818000000715273,0.7983000000715279,0.8152000000476818,0.8318000000715244,0.8483000000715251,0.8666000000238441,0.8818000000715287,0.8986000000238406,0.9152000000476832,0.9322000000476862,0.9486000000238448,0.9651000000238454,0.9822000000476834,0.9984999999999999,1.0154000000953687,1.0322000000476805,1.04840000009537,1.0655000000000001,1.0819000000953665,1.0986000000238434,1.1158000000715234,1.1318000000715287,1.1486000000238406,1.1649999999999991,1.1817000000476838,1.1984000000953685,1.2149000000953691,1.231800000071523,1.2482000000476816,1.2659999999999982,1.282600000023841,1.298499999999997,1.3153000000715238,1.3317000000476824,1.348400000095367,1.365000000000002,1.3816000000238446,1.3984000000953642,1.4149999999999991,1.4318000000715259,1.4484000000953685,1.4651000000238454,1.481900000095365,1.4983000000715236,1.5152000000476846,1.5320000000000036,1.548499999999997,1.5654000000953658,1.5819000000953665,1.5986000000238434,1.6149000000953677,1.6317000000476867,1.6484000000953642,1.6653000000715252,1.6817000000476838,1.6985000000000028,1.7151000000238454,1.731800000071523,1.7481000000238396]","[""polygon_submitbutton"",""polygon_submitbutton"",""polygon_submitbutton"",""polygon_submitbutton"",""polygon_submitbutton"",""polygon_submitbutton"",""polygon_submitbutton"",""polygon_submitbutton"",""polygon_submitbutton"",""polygon_submitbutton"",""polygon_submitbutton"",""polygon_submitbutton"",""polygon_submitbutton""]",20,0,20,0,1,0.155190555,14,alone,68.5,1.7496
,BON001,2023-12-18_12h42.25.408,willingness2pay,2023.2.2,Win32,59.65519298,uk,"[-0.13823805060918462,-0.14136205528423734,-0.1432364695297856,-0.14448605995929006,-0.14636047420483833,-0.1488597122664304,-0.15010930269593487,-0.15198371694148313,-0.15260854075752694,-0.15260854075752694,-0.15260854075752694,-0.15323336457357076,-0.15323336457357076,-0.15323336457357076,-0.15323336457357076,-0.15323336457357076,-0.15323336457357076,-0.15323336457357076,-0.15323336457357076,-0.15323336457357076,-0.15323336457357076,-0.15323336457357076,-0.15323336457357076,-0.15323336457357076,-0.15323336457357076,-0.15323336457357076,-0.15323336457357076,-0.15323336457357076,-0.15323336457357076,-0.15323336457357076,-0.15323336457357076,-0.15323336457357076,-0.15323336457357076,-0.15323336457357076,-0.1482348884503866,-0.10137453231167995,-0.06825989970785497,-0.04451733833177132,-0.0207747197531045,-0.007653820034266635,0.0017182511934746953,0.010465498605172211,0.01358950328022493,0.015463917525773196,0.01608874134181701,0.016713565157860825,0.017338331771321464,0.017963155587365276,0.017963155587365276,0.017963155587365276,0.017963155587365276,0.017963155587365276,0.017963155587365276,0.017338331771321464,0.017338331771321464,0.016713565157860825,0.016713565157860825]","[-0.13042801032026125,-0.12855359607471298,-0.1266791818291647,-0.1260543580131209,-0.12417994376757263,-0.12230552952202436,-0.1204311152764761,-0.11918152484697164,-0.1179319344174672,-0.11730711060142339,-0.11730711060142339,-0.11605752017191893,-0.11543269635587512,-0.11543269635587512,-0.11418310592637067,-0.11418310592637067,-0.11418310592637067,-0.11418310592637067,-0.1148078725398313,-0.1148078725398313,-0.11605752017191893,-0.11668228678537956,-0.11668228678537956,-0.11668228678537956,-0.11668228678537956,-0.11668228678537956,-0.11668228678537956,-0.11668228678537956,-0.11668228678537956,-0.11668228678537956,-0.11668228678537956,-0.11668228678537956,-0.11668228678537956,-0.11668228678537956,-0.12168076290856374,-0.17041553329281864,-0.20790381820378398,-0.23789444613255623,-0.2797563261480787,-0.30412371134020616,-0.3222430871822282,-0.34723523898781633,-0.35785695784764526,-0.3647297910137945,-0.3697282099343955,-0.3728522718120314,-0.3759762764870841,-0.3778506907326324,-0.3784755145486762,-0.37910028116213684,-0.37910028116213684,-0.3809746954076851,-0.38534834771482546,-0.38784758577641754,-0.38847235238987815,-0.39034676663542645,-0.39034676663542645]","[0,0,0,0,0,0,0,0,0,0,0,0,0,0,0,0,0,0,0,0,0,0,1,1,1,1,1,0,0,0,0,0,0,0,0,0,0,0,0,0,0,0,0,0,0,0,0,0,0,0,0,0,0,0,0,0,1]","[0,0,0,0,0,0,0,0,0,0,0,0,0,0,0,0,0,0,0,0,0,0,0,0,0,0,0,0,0,0,0,0,0,0,0,0,0,0,0,0,0,0,0,0,0,0,0,0,0,0,0,0,0,0,0,0,0]","[0,0,0,0,0,0,0,0,0,0,0,0,0,0,0,0,0,0,0,0,0,0,0,0,0,0,0,0,0,0,0,0,0,0,0,0,0,0,0,0,0,0,0,0,0,0,0,0,0,0,0,0,0,0,0,0,0]","[0.00010000002384202844,0.012500000000002842,0.029600000023840778,0.045999999999999375,0.06300000000000239,0.07939999997616098,0.09620000004768059,0.11260000002383919,0.12939999997615814,0.14610000002384282,0.16250000000000142,0.17930000007152813,0.19589999997615593,0.21249999999999858,0.22920000004768326,0.24580000007152591,0.26250000000000284,0.2791000000238455,0.2959999999999994,0.3125,0.329500000000003,0.3462000000476806,0.36239999997615513,0.3808999999761582,0.3966000000238452,0.4125000000000014,0.42960000002383936,0.4456000000238447,0.46280000007152466,0.4789999999999992,0.4958999999761602,0.5128000000715289,0.5291000000238455,0.5459999999999994,0.562600000023842,0.5807000000476847,0.5963000000715226,0.6126000000238392,0.6313000000715263,0.6462000000476849,0.6626000000238434,0.6793999999761553,0.696300000071524,0.713000000000001,0.7293999999761596,0.7462000000476863,0.7628999999761561,0.7794999999999987,0.7963000000715255,0.8128999999761604,0.8293000000715267,0.8462000000476806,0.8626000000238392,0.8797000000476842,0.8958999999761588,0.9130000000000038,0.9291000000238441]","[""polygon_submitbutton"",""polygon_submitbutton"",""polygon_submitbutton"",""polygon_submitbutton"",""polygon_submitbutton"",""polygon_submitbutton"",""polygon_submitbutton"",""polygon_submitbutton"",""polygon_submitbutton"",""polygon_submitbutton"",""polygon_submitbutton"",""polygon_submitbutton""]",21,0,21,0,1,0.628277409,6,together,26,0.932
,BON001,2023-12-18_12h42.25.408,willingness2pay,2023.2.2,Win32,59.65519298,uk,"[0.22914714151827553,0.22914714151827553,0.22914714151827553,0.2285223749048149,0.22789760829135428,0.22789760829135428,0.22789760829135428,0.226023194045806,0.226023194045806,0.226023194045806,0.22477354641371836,0.22352389878163073,0.21102788008141987,0.18166201876610824,0.17541400941600283,0.17353959517045456,0.17353959517045456,0.17353959517045456,0.17291471415182755,0.1722899475383669,0.1722899475383669,0.1722899475383669,0.1716651809249063,0.1716651809249063,0.1716651809249063,0.1716651809249063,0.1716651809249063,0.1716651809249063,0.1716651809249063,0.1716651809249063,0.1716651809249063,0.1716651809249063,0.1716651809249063,0.1716651809249063,0.16229310969716496,0.12792877225866917,0.0779444114449098,0.05232743582327788,0.03483288379729967,0.019212746016869727,0.004217432052483599,-0.0026554011136656515,-0.007029053420805998,-0.008903467666354265,-0.010153058095858716,-0.010153058095858716,-0.010153058095858716,-0.012652296157450796,-0.0151514770164597,-0.018900305507556232,-0.02327395781469658,-0.025148372060244846,-0.02577319587628866,-0.02577319587628866,-0.02577319587628866,-0.02577319587628866,-0.027022786305793113,-0.027647610121836926]","[-0.072321168708265,-0.072321168708265,-0.072321168708265,-0.07169634489222118,-0.07169634489222118,-0.07169634489222118,-0.07169634489222118,-0.07169634489222118,-0.07169634489222118,-0.07169634489222118,-0.07169634489222118,-0.072321168708265,-0.0779444114449098,-0.08794130648869494,-0.08981572073424321,-0.08981572073424321,-0.08981572073424321,-0.08981572073424321,-0.09044048734770384,-0.09106531116374765,-0.09169013497979148,-0.09169013497979148,-0.09169013497979148,-0.09169013497979148,-0.09169013497979148,-0.09169013497979148,-0.09169013497979148,-0.09169013497979148,-0.09169013497979148,-0.09169013497979148,-0.09169013497979148,-0.09169013497979148,-0.09169013497979148,-0.09169013497979148,-0.10293662045308107,-0.14354891003909911,-0.19665733273049438,-0.2310215557638238,-0.2547641743424906,-0.2778819119025305,-0.30349894472674555,-0.3141206063839913,-0.32349267761173267,-0.3272415061028292,-0.3303655107778819,-0.3303655107778819,-0.3303655107778819,-0.33723840114661435,-0.3447360581288074,-0.3522337151110005,-0.360980962522698,-0.3647297910137945,-0.36597938144329895,-0.36722902907538657,-0.36722902907538657,-0.36785379568884724,-0.3709778575664831,-0.37472668605757964]","[0,0,0,0,0,0,0,0,0,0,0,0,0,0,0,0,0,0,0,0,0,0,0,1,1,1,1,1,0,0,0,0,0,0,0,0,0,0,0,0,0,0,0,0,0,0,0,0,0,0,0,0,0,0,0,0,0,1]","[0,0,0,0,0,0,0,0,0,0,0,0,0,0,0,0,0,0,0,0,0,0,0,0,0,0,0,0,0,0,0,0,0,0,0,0,0,0,0,0,0,0,0,0,0,0,0,0,0,0,0,0,0,0,0,0,0,0]","[0,0,0,0,0,0,0,0,0,0,0,0,0,0,0,0,0,0,0,0,0,0,0,0,0,0,0,0,0,0,0,0,0,0,0,0,0,0,0,0,0,0,0,0,0,0,0,0,0,0,0,0,0,0,0,0,0,0]","[0,0.01300000000000523,0.02979999995231708,0.04679999995232009,0.06339999997616275,0.07989999997616337,0.096399999976164,0.11329999995231788,0.12989999997616053,0.14639999997616115,0.1635000000000062,0.18020000004768377,0.19679999995231867,0.21339999997616133,0.2302999999523223,0.24660000002384663,0.2633999999761585,0.2796000000238479,0.2967000000476858,0.3132999999523207,0.3300000000000054,0.34629999995232197,0.3632999999523179,0.3797000000476842,0.3977000000476849,0.4136000000238411,0.4297000000476885,0.44650000000000034,0.463200000047685,0.48049999999999926,0.4965000000000046,0.5132999999523165,0.5297999999523171,0.5465000000000018,0.5637000000476888,0.5802000000476895,0.5968999999761593,0.6135000000000019,0.6300000000000026,0.6466000000238452,0.6632999999523221,0.6799999999999997,0.6967999999523187,0.7133999999761613,0.7302999999523223,0.7465000000000046,0.7632999999523165,0.7802000000476852,0.7967999999523201,0.8133999999761627,0.8302999999523166,0.846500000000006,0.8635000000000019,0.8802000000476866,0.8963999999761612,0.9133999999761642,0.9302000000476838,0.9470000000000027]","[""polygon_submitbutton"",""polygon_submitbutton""]",22,0,22,0,1,0.507082883,22,together,76.5,0.9504
,BON001,2023-12-18_12h42.25.408,willingness2pay,2023.2.2,Win32,59.65519298,uk,"[-0.030771614796889644,-0.03639485753353444,-0.04576692876127577,-0.057638238050609185,-0.08200562324273665,-0.0945016991455307,-0.10199935612772376,-0.10762259886436856,-0.10949701310991683,-0.10949701310991683,-0.11074660353942127,-0.11074660353942127,-0.11137142735546508,-0.1144954320305178,-0.12261791282875469,-0.13074039362699155,-0.13386439830204427,-0.13573881254759254,-0.136988402977097,-0.136988402977097,-0.136988402977097,-0.13823805060918462,-0.13823805060918462,-0.1401124648547329,-0.14386129334582942,-0.1457357075913777,-0.14698529802088214,-0.1482348884503866,-0.1488597122664304,-0.1488597122664304,-0.1488597122664304,-0.1488597122664304,-0.1488597122664304,-0.1488597122664304,-0.1488597122664304,-0.1488597122664304,-0.1488597122664304,-0.1488597122664304,-0.14511088377533388,-0.1232427366447985,-0.11012183692596064,-0.08887845640888589,-0.07388314244449977,-0.05701341423456537,-0.04764134300682404,-0.03951886220858716,-0.030771614796889644,-0.028272376735297564,-0.022649133998652763,-0.018275538894095594,-0.015776300832503514,-0.013901886586955249,-0.013277062770911435,-0.013277062770911435,-0.013277062770911435,-0.013277062770911435,-0.013277062770911435,-0.012652296157450796,-0.012652296157450796,-0.012652296157450796,-0.012652296157450796,-0.012652296157450796,-0.012652296157450796,-0.012652296157450796]","[-0.19603250891445057,-0.19228368042335403,-0.18416119962511715,-0.17353953796787136,-0.15292098126684045,-0.14417373385514293,-0.14104967197750704,-0.13855049111849813,-0.1379256673024543,-0.1379256673024543,-0.13667607687294986,-0.13605125305690605,-0.13605125305690605,-0.13355201499531397,-0.12730400564520852,-0.1204311152764761,-0.1179319344174672,-0.11730711060142339,-0.11605752017191893,-0.11605752017191893,-0.11605752017191893,-0.11543269635587512,-0.11543269635587512,-0.11418310592637067,-0.1123086916808224,-0.11043427743527413,-0.10918462980318651,-0.10918462980318651,-0.10855986318972587,-0.10793503937368205,-0.10793503937368205,-0.10793503937368205,-0.10793503937368205,-0.10793503937368205,-0.10793503937368205,-0.10793503937368205,-0.10793503937368205,-0.10793503937368205,-0.11168386786477859,-0.13417683881135778,-0.15042174320524837,-0.1885348519322575,-0.2197750702905342,-0.2547641743424906,-0.27538273104352157,-0.2953764639285087,-0.3184942586911317,-0.32661668228678536,-0.34848488661990396,-0.368478619504891,-0.3778506907326324,-0.384098757285321,-0.3865979381443299,-0.38784758577641754,-0.3897220000219658,-0.3897220000219658,-0.39034676663542645,-0.39159641426751407,-0.39159641426751407,-0.39159641426751407,-0.39159641426751407,-0.3922211808809747,-0.3922211808809747,-0.3928460046970185]","[0,0,0,0,0,0,0,0,0,0,0,0,0,0,0,0,0,0,0,0,0,0,0,0,0,0,0,0,0,0,1,1,0,0,0,0,0,0,0,0,0,0,0,0,0,0,0,0,0,0,0,0,0,0,0,0,0,0,0,0,0,0,0,1]","[0,0,0,0,0,0,0,0,0,0,0,0,0,0,0,0,0,0,0,0,0,0,0,0,0,0,0,0,0,0,0,0,0,0,0,0,0,0,0,0,0,0,0,0,0,0,0,0,0,0,0,0,0,0,0,0,0,0,0,0,0,0,0,0]","[0,0,0,0,0,0,0,0,0,0,0,0,0,0,0,0,0,0,0,0,0,0,0,0,0,0,0,0,0,0,0,0,0,0,0,0,0,0,0,0,0,0,0,0,0,0,0,0,0,0,0,0,0,0,0,0,0,0,0,0,0,0,0,0]","[0.00009999990463427366,0.013500000000000512,0.030599999904630693,0.047199999928473346,0.06349999999999767,0.08039999997615865,0.09700000000000131,0.1135999999046291,0.13029999995231378,0.14649999999999608,0.1634999999999991,0.18019999992847602,0.1968999999761607,0.21339999997615422,0.23049999999999926,0.24679999995231583,0.2636999999284768,0.2803999999761544,0.29659999990462893,0.31349999999999767,0.32979999995231424,0.35319999992847073,0.36299999999999955,0.3800999999046297,0.39689999997615644,0.4137999999523174,0.430099999904634,0.44679999995231867,0.4635999999046305,0.4801999999284732,0.4965999999046318,0.5143999999761562,0.5305999999046307,0.5475999999046337,0.5630999999046296,0.5798999999761563,0.5967999999523173,0.6135000000000019,0.6301999999284718,0.6472999999523168,0.6637999999523174,0.6803999999761601,0.6969999999999956,0.7133999999761542,0.7304999999999993,0.7468999999761579,0.7636999999284768,0.7800999999046283,0.796799999952313,0.8135999999046319,0.8301999999284746,0.8470999999046285,0.8635999999046291,0.8803999999761558,0.8969999999999985,0.9134999999999991,0.9303999999761601,0.9468999999761607,0.9635999999046305,0.9802999999523152,0.9965999999046318,1.0135999999046348,1.029899999976159,1.046799999952313]","[""polygon_submitbutton"",""polygon_submitbutton"",""polygon_submitbutton"",""polygon_submitbutton"",""polygon_submitbutton"",""polygon_submitbutton"",""polygon_submitbutton"",""polygon_submitbutton"",""polygon_submitbutton"",""polygon_submitbutton"",""polygon_submitbutton"",""polygon_submitbutton"",""polygon_submitbutton"",""polygon_submitbutton""]",23,0,23,0,1,0.454811572,7,together,27,1.0495
,BON001,2023-12-18_12h42.25.408,willingness2pay,2023.2.2,Win32,59.65519298,uk,"[0.07044675446271673,0.08731648267265113,0.10980945361923032,0.12730400564520852,0.13855049111849813,0.14792256234623946,0.15666980975793698,0.1635426429240862,0.16541705716963448,0.1660419381882615,0.1666667048017221,0.16729147141518275,0.16791635243380976,0.17291471415182755,0.17728842366155106,0.17978760452055997,0.17978760452055997,0.18041237113402062,0.18041237113402062,0.18041237113402062,0.17916283790709933,0.1779131902750117,0.17728842366155106,0.17728842366155106,0.17728842366155106,0.17666354264292408,0.17666354264292408,0.17666354264292408,0.17728842366155106,0.17728842366155106,0.17853795688847235,0.17853795688847235,0.17853795688847235,0.17853795688847235,0.17853795688847235,0.17853795688847235,0.17853795688847235,0.17853795688847235,0.17853795688847235,0.17853795688847235,0.17853795688847235,0.17853795688847235,0.17853795688847235,0.18041237113402062,0.1835364330116565,0.18853490913484067,0.19540768509840675,0.197906980362582,0.19853174697604264,0.19853174697604264,0.19853174697604264,0.1866604948892924,0.14417373385514293,0.12542959139966026,0.09981255857544517,0.0835676541815546,0.07044675446271673,0.047953783516137535,0.035457707613343485,0.02483598875351453,0.017963155587365276,0.012339912850720478,0.002967841622979147,-0.0007809868681173852,-0.0026554011136656515,-0.0032802249297094657,-0.0032802249297094657,-0.0032802249297094657,-0.0032802249297094657,-0.0032802249297094657,-0.0032802249297094657,-0.0032802249297094657,-0.0032802249297094657,-0.0032802249297094657]","[-0.2885036307623594,-0.2647610121836926,-0.23914403656206068,-0.21227741330834116,-0.19728209934395502,-0.18478602344116096,-0.17478912839737581,-0.1666667048017221,-0.16416746674013002,-0.1629178763106256,-0.16229305249458176,-0.16166822867853795,-0.16041863824903352,-0.151671390837336,-0.14417373385514293,-0.14104967197750704,-0.1404249053640464,-0.13980008154800258,-0.13980008154800258,-0.13980008154800258,-0.13980008154800258,-0.13980008154800258,-0.13980008154800258,-0.13980008154800258,-0.13980008154800258,-0.13855049111849813,-0.13855049111849813,-0.1379256673024543,-0.13667607687294986,-0.13605125305690605,-0.1348016626274016,-0.1348016626274016,-0.1348016626274016,-0.1348016626274016,-0.1348016626274016,-0.1348016626274016,-0.1348016626274016,-0.1348016626274016,-0.1348016626274016,-0.1348016626274016,-0.1348016626274016,-0.1348016626274016,-0.1348016626274016,-0.13417683881135778,-0.13292724838185332,-0.13042801032026125,-0.12730400564520852,-0.12542959139966026,-0.12480476758361644,-0.12480476758361644,-0.12480476758361644,-0.13605125305690605,-0.17416436178391517,-0.19353327085285849,-0.22102471792262185,-0.24164327462365276,-0.2566385885880389,-0.2891283973758201,-0.30662294940179824,-0.3272415061028292,-0.3428616438832591,-0.3553577197860532,-0.3709778575664831,-0.3759762764870841,-0.38034992879422447,-0.3822243430397727,-0.3822243430397727,-0.3828491096532334,-0.3828491096532334,-0.3828491096532334,-0.3828491096532334,-0.3828491096532334,-0.3828491096532334,-0.3828491096532334]","[0,0,0,0,0,0,0,0,0,0,0,0,0,0,0,0,0,0,0,0,0,0,0,0,0,0,0,0,0,0,1,1,1,1,1,1,1,0,0,0,0,0,0,0,0,0,0,0,0,0,0,0,0,0,0,0,0,0,0,0,0,0,0,0,0,0,0,0,0,0,0,0,0,1]","[0,0,0,0,0,0,0,0,0,0,0,0,0,0,0,0,0,0,0,0,0,0,0,0,0,0,0,0,0,0,0,0,0,0,0,0,0,0,0,0,0,0,0,0,0,0,0,0,0,0,0,0,0,0,0,0,0,0,0,0,0,0,0,0,0,0,0,0,0,0,0,0,0,0]","[0,0,0,0,0,0,0,0,0,0,0,0,0,0,0,0,0,0,0,0,0,0,0,0,0,0,0,0,0,0,0,0,0,0,0,0,0,0,0,0,0,0,0,0,0,0,0,0,0,0,0,0,0,0,0,0,0,0,0,0,0,0,0,0,0,0,0,0,0,0,0,0,0,0]","[0.00010000002384202844,0.014100000023837822,0.030999999999998806,0.047299999952315375,0.06419999992846925,0.08099999999999596,0.0971999999284705,0.11429999995231555,0.13119999992846942,0.14739999997615882,0.16419999992847067,0.180499999999995,0.19739999997615598,0.21429999995231697,0.2307999999523105,0.24749999999999517,0.2641999999284721,0.2808999999761568,0.2972999999523154,0.31419999992846925,0.33119999992847227,0.34729999995231253,0.36379999995231316,0.38069999992847414,0.39719999992847477,0.4139999999999944,0.430600000023837,0.44760000002384004,0.464399999976159,0.4806000000238413,0.4991999999284715,0.5141999999284721,0.5308999999761568,0.5471999999284733,0.5640000000000001,0.5806999999284699,0.5972999999523125,0.6138999999761552,0.6313999999761535,0.6471999999284748,0.6639999999999944,0.6806999999284713,0.6971999999284719,0.714399999976159,0.7308999999761525,0.7474999999999952,0.7639999999999958,0.7808999999761568,0.7974999999999994,0.8140000000000001,0.8308999999761539,0.8476999999284729,0.8641999999284735,0.8806999999284741,0.8973999999761588,0.9143999999761547,0.930600000023837,0.947499999999998,0.9641000000238407,0.9806000000238413,0.9976000000238372,1.0141000000238378,1.0309999999999988,1.0474999999999994,1.0643999999761533,1.080999999999996,1.0971000000238362,1.1138999999761552,1.1306999999284741,1.1471000000238405,1.1639999999999944,1.1807999999523133,1.1971000000238377,1.2139999999999986]","[""polygon_submitbutton"",""polygon_submitbutton"",""polygon_submitbutton"",""polygon_submitbutton"",""polygon_submitbutton"",""polygon_submitbutton"",""polygon_submitbutton"",""polygon_submitbutton"",""polygon_submitbutton"",""polygon_submitbutton"",""polygon_submitbutton"",""polygon_submitbutton""]",24,0,24,0,1,0.246659198,9,together,77.5,1.2165
,BON001,2023-12-18_12h42.25.408,willingness2pay,2023.2.2,Win32,59.65519298,uk,"[-0.0032802249297094657,-0.0032802249297094657,-0.0032802249297094657,-0.0032802249297094657,-0.0032802249297094657,-0.0032802249297094657,-0.0032802249297094657,-0.0032802249297094657,-0.0032802249297094657,-0.0032802249297094657,-0.007653820034266635,-0.02452354824420103,-0.040143686024630976,-0.05139017149792057,-0.06263665697121017,-0.0720087281989515,-0.07638238050609185,-0.08013120899718838,-0.08450480410174555,-0.09325210871602624,-0.11512025584656162,-0.12761633174935566,-0.13386439830204427,-0.13948764103868908,-0.14386129334582942,-0.1488597122664304,-0.15885660731021556,-0.16385502623081655,-0.16760385472191308,-0.17010309278350516,-0.17322709745855788,-0.18447358293184746,-0.19509524458909325,-0.2000937207122774,-0.20259290157128632,-0.20321772538733013,-0.20321772538733013,-0.20321772538733013,-0.20321772538733013,-0.20321772538733013,-0.20321772538733013,-0.20321772538733013,-0.20321772538733013,-0.20321772538733013,-0.20321772538733013,-0.20321772538733013,-0.20321772538733013,-0.20321772538733013,-0.20321772538733013,-0.20321772538733013,-0.20321772538733013,-0.1994688968962336,-0.1857231733613519,-0.16447985004686036,-0.15073412651197868,-0.1376132267931408,-0.11824426052161434,-0.1057481846188203,-0.0951265229615745,-0.08512962791778936,-0.07950638518114457,-0.07700714711955248,-0.07450796626054358,-0.07325831862845596,-0.0720087281989515,-0.07013431395340324,-0.06701030927835051,-0.06013741890961809,-0.05451417617297329,-0.048266166822867856,-0.04201810027017924,-0.040143686024630976,-0.03951886220858716,-0.03889409559512652,-0.03889409559512652,-0.03889409559512652,-0.03889409559512652,-0.03889409559512652,-0.03889409559512652,-0.03889409559512652,-0.03889409559512652]","[-0.3828491096532334,-0.3828491096532334,-0.3828491096532334,-0.3828491096532334,-0.3828491096532334,-0.3828491096532334,-0.3828491096532334,-0.3828491096532334,-0.3828491096532334,-0.3828491096532334,-0.3641049671977507,-0.31537019681349576,-0.2778819119025305,-0.25788817901754335,-0.24101845080760895,-0.225398313027179,-0.22102471792262185,-0.21477665136993324,-0.20727899438774017,-0.1947829184849461,-0.17104029990627928,-0.1572946335739808,-0.15042174320524837,-0.14479850046860357,-0.14229931960959466,-0.1404249053640464,-0.13667607687294986,-0.1348016626274016,-0.13417683881135778,-0.13355201499531397,-0.1323024245658095,-0.12730400564520852,-0.11980634866301547,-0.11543269635587512,-0.11293345829428304,-0.1123086916808224,-0.11168386786477859,-0.11168386786477859,-0.11168386786477859,-0.11168386786477859,-0.11168386786477859,-0.11168386786477859,-0.11168386786477859,-0.11168386786477859,-0.11168386786477859,-0.11168386786477859,-0.11168386786477859,-0.11168386786477859,-0.11168386786477859,-0.11168386786477859,-0.11168386786477859,-0.1148078725398313,-0.1266791818291647,-0.14542332428464738,-0.1572946335739808,-0.16791629523122656,-0.18728526150275304,-0.20415498971268745,-0.22664796065926662,-0.25851300283358714,-0.2797563261480787,-0.2928772258669166,-0.3109966017089386,-0.3191190253045923,-0.3297407441644213,-0.33723840114661435,-0.3478600628038601,-0.3666042052593428,-0.3809746954076851,-0.3953452427586106,-0.41283973758200565,-0.4209622183802425,-0.4265854611168873,-0.4322087038535321,-0.4347079419151242,-0.43908153701968133,-0.44095595126522963,-0.44095595126522963,-0.44220559889731725,-0.44283036551077787,-0.44283036551077787]","[0,0,0,0,0,0,0,0,0,0,0,0,0,0,0,0,0,0,0,0,0,0,0,0,0,0,0,0,0,0,0,0,0,0,0,0,0,0,0,0,0,1,1,1,1,0,0,0,0,0,0,0,0,0,0,0,0,0,0,0,0,0,0,0,0,0,0,0,0,0,0,0,0,0,0,0,0,0,0,0,1]","[0,0,0,0,0,0,0,0,0,0,0,0,0,0,0,0,0,0,0,0,0,0,0,0,0,0,0,0,0,0,0,0,0,0,0,0,0,0,0,0,0,0,0,0,0,0,0,0,0,0,0,0,0,0,0,0,0,0,0,0,0,0,0,0,0,0,0,0,0,0,0,0,0,0,0,0,0,0,0,0,0]","[0,0,0,0,0,0,0,0,0,0,0,0,0,0,0,0,0,0,0,0,0,0,0,0,0,0,0,0,0,0,0,0,0,0,0,0,0,0,0,0,0,0,0,0,0,0,0,0,0,0,0,0,0,0,0,0,0,0,0,0,0,0,0,0,0,0,0,0,0,0,0,0,0,0,0,0,0,0,0,0,0]","[0.00010000002384202844,0.014000000000002899,0.030600000023838447,0.04730000007152313,0.06410000002384209,0.0809000000953688,0.09740000009536942,0.11380000007152802,0.1307000000476819,0.14730000007152455,0.16420000004768553,0.1808000000715282,0.19740000009537084,0.21390000009536436,0.2306000000238413,0.24770000004768633,0.264300000071529,0.2808000000715225,0.29760000002384146,0.3141000000238421,0.3309000000953688,0.3476000000238386,0.36410000002383924,0.3807000000476819,0.39750000000000085,0.41420000004768553,0.43060000002384413,0.44770000004768207,0.46399999999999864,0.48100000000000165,0.49780000007152836,0.514200000047687,0.5309000000953645,0.5478000000715255,0.5639000000953658,0.5811000000238451,0.5973000000715274,0.6139999999999972,0.630900000095366,0.6469999999999985,0.6639000000953672,0.6808000000715282,0.69760000002384,0.7143000000715247,0.7307000000476833,0.7476000000238443,0.7646000000238402,0.7809999999999988,0.7974999999999994,0.8140000000000001,0.8314999999999984,0.8474999999999966,0.8639999999999972,0.8807000000476819,0.8976000000238429,0.9144000000953696,0.9311000000238394,0.9477000000476821,0.9644000000953667,0.9809000000953674,0.9975000000000023,1.014100000023845,1.0311000000238408,1.0476000000238415,1.064100000023842,1.081000000000003,1.0976000000238386,1.1139999999999972,1.1311000000238423,1.1476000000238429,1.1643000000715276,1.1812000000476814,1.19760000002384,1.2141000000238407,1.2313000000715277,1.2476000000238443,1.264200000047687,1.2806000000238384,1.2974000000953652,1.314100000023842,1.3308000000715268]","[""polygon_submitbutton"",""polygon_submitbutton"",""polygon_submitbutton"",""polygon_submitbutton"",""polygon_submitbutton"",""polygon_submitbutton"",""polygon_submitbutton"",""polygon_submitbutton"",""polygon_submitbutton"",""polygon_submitbutton"",""polygon_submitbutton"",""polygon_submitbutton"",""polygon_submitbutton"",""polygon_submitbutton"",""polygon_submitbutton"",""polygon_submitbutton"",""polygon_submitbutton"",""polygon_submitbutton"",""polygon_submitbutton"",""polygon_submitbutton"",""polygon_submitbutton"",""polygon_submitbutton"",""polygon_submitbutton""]",25,0,25,0,1,0.177525631,8,alone,18.5,1.3334
,BON001,2023-12-18_12h42.25.408,willingness2pay,2023.2.2,Win32,59.65519298,uk,"[0.054826616682286784,0.07107157827876054,0.0923149015932521,0.1066854489441776,0.123555177154112,0.15104656702129218,0.16479229055617386,0.17603877602946344,0.1779131902750117,0.1779131902750117,0.1779131902750117,0.1779131902750117,0.1779131902750117,0.1779131902750117,0.1779131902750117,0.17728842366155106,0.17478912839737581,0.16791635243380976,0.16104346206507733,0.15479539551238872,0.15354580508288426,0.15292098126684045,0.15292098126684045,0.15292098126684045,0.15292098126684045,0.15292098126684045,0.15292098126684045,0.15292098126684045,0.15292098126684045,0.15292098126684045,0.15292098126684045,0.15292098126684045,0.15292098126684045,0.15292098126684045,0.15292098126684045,0.15292098126684045,0.15292098126684045,0.15292098126684045,0.1373008434864105,0.10293662045308107,0.07731958762886598,0.047953783516137535,0.03608247422680412,0.023586398324010074,0.015463917525773196,0.00921590817566776,0.00046860356138706655,-0.005154639175257732,-0.009528234279814902,-0.013901886586955249,-0.01640112464854733,-0.018275538894095594,-0.019525129323600048,-0.02014995313964386,-0.02014995313964386,-0.02014995313964386,-0.02014995313964386,-0.02014995313964386,-0.02014995313964386,-0.02014995313964386,-0.02014995313964386,-0.02014995313964386]","[-0.30849736364734653,-0.2847548022712629,-0.25538894095595127,-0.23602003188700796,-0.21227741330834116,-0.16729147141518275,-0.13667607687294986,-0.10543580131208997,-0.09856296814594072,-0.09668855390039245,-0.09668855390039245,-0.09668855390039245,-0.09668855390039245,-0.09668855390039245,-0.09668855390039245,-0.09606373008434864,-0.095438963470888,-0.09418931583880037,-0.09169013497979148,-0.08981572073424321,-0.0891908969181994,-0.08856607310215557,-0.08794130648869494,-0.08731648267265113,-0.08731648267265113,-0.08731648267265113,-0.08794130648869494,-0.08856607310215557,-0.08856607310215557,-0.08856607310215557,-0.08856607310215557,-0.08856607310215557,-0.08856607310215557,-0.08856607310215557,-0.08856607310215557,-0.08856607310215557,-0.08856607310215557,-0.08856607310215557,-0.10481103469862933,-0.13855049111849813,-0.1666667048017221,-0.20852858481724462,-0.2341456176414597,-0.26726025024528466,-0.2891283973758201,-0.3072477732178421,-0.3297407441644213,-0.3416119962511715,-0.35160889129495665,-0.36285537676824625,-0.373477038425492,-0.384098757285321,-0.3928460046970185,-0.3959700093720712,-0.3959700093720712,-0.39721965700415884,-0.39721965700415884,-0.39721965700415884,-0.39721965700415884,-0.39721965700415884,-0.39721965700415884,-0.39721965700415884]","[0,0,0,0,0,0,0,0,0,0,0,0,0,0,0,0,0,0,0,0,0,0,0,0,0,0,0,0,1,1,1,1,1,1,0,0,0,0,0,0,0,0,0,0,0,0,0,0,0,0,0,0,0,0,0,0,0,0,0,0,0,1]","[0,0,0,0,0,0,0,0,0,0,0,0,0,0,0,0,0,0,0,0,0,0,0,0,0,0,0,0,0,0,0,0,0,0,0,0,0,0,0,0,0,0,0,0,0,0,0,0,0,0,0,0,0,0,0,0,0,0,0,0,0,0]","[0,0,0,0,0,0,0,0,0,0,0,0,0,0,0,0,0,0,0,0,0,0,0,0,0,0,0,0,0,0,0,0,0,0,0,0,0,0,0,0,0,0,0,0,0,0,0,0,0,0,0,0,0,0,0,0,0,0,0,0,0,0]","[0.00010000002384202844,0.011700000047682124,0.02889999997616144,0.04539999997615496,0.06170000004768639,0.0787000000476823,0.0952999999523172,0.11189999997615985,0.12879999995231373,0.14500000000000313,0.16179999995231498,0.17849999999999966,0.19520000004768434,0.21170000004768497,0.2283999999761548,0.24529999995231577,0.2617999999523164,0.27889999997616144,0.29529999995231293,0.3118999999761556,0.32849999999999824,0.3453999999761592,0.3617999999523178,0.3785000000000025,0.39510000002384515,0.4117000000476807,0.42849999999999966,0.4452999999523186,0.46170000004768497,0.4795000000000016,0.49549999999999983,0.5116000000238401,0.5285000000000011,0.5451000000238437,0.5617999999523136,0.5786000000238403,0.5947999999523148,0.6116000000238415,0.6287000000476866,0.6453999999761564,0.661899999976157,0.6787000000476837,0.6955000000000027,0.7118999999761613,0.7287999999523151,0.7452999999523158,0.7620000000000005,0.7785000000000011,0.795399999976155,0.8117999999523136,0.8288999999761586,0.8452000000476829,0.8617999999523178,0.8786000000238445,0.8952000000476872,0.911999999999999,0.9284999999999997,0.9452000000476843,0.9618999999761613,0.9788999999761572,0.9948999999761554,1.011499999999998]","[""polygon_submitbutton"",""polygon_submitbutton"",""polygon_submitbutton"",""polygon_submitbutton"",""polygon_submitbutton"",""polygon_submitbutton"",""polygon_submitbutton"",""polygon_submitbutton"",""polygon_submitbutton"",""polygon_submitbutton"",""polygon_submitbutton"",""polygon_submitbutton""]",26,0,26,0,1,0.214438117,19,alone,73.5,1.0159
,BON001,2023-12-18_12h42.25.408,willingness2pay,2023.2.2,Win32,59.65519298,uk,"[-0.14636047420483833,-0.14636047420483833,-0.14636047420483833,-0.14636047420483833,-0.14636047420483833,-0.14636047420483833,-0.14636047420483833,-0.14636047420483833,-0.14636047420483833,-0.14636047420483833,-0.14636047420483833,-0.14636047420483833,-0.14636047420483833,-0.14636047420483833,-0.14636047420483833,-0.14636047420483833,-0.14636047420483833,-0.14636047420483833,-0.14636047420483833,-0.14698529802088214,-0.14698529802088214,-0.14636047420483833,-0.14636047420483833,-0.14636047420483833,-0.14636047420483833,-0.14636047420483833,-0.14636047420483833,-0.14636047420483833,-0.14636047420483833,-0.14636047420483833,-0.14636047420483833,-0.14636047420483833,-0.14636047420483833,-0.14198687910028115,-0.11574507966260543,-0.1001249418821755,-0.08200562324273665,-0.06825989970785497,-0.05638859041852155,-0.04201810027017924,-0.035145267104029994,-0.029522024367385193,-0.02452354824420103,-0.02327395781469658,-0.02327395781469658,-0.02327395781469658,-0.02327395781469658,-0.02327395781469658,-0.02327395781469658,-0.02452354824420103,-0.025148372060244846,-0.025148372060244846,-0.02577319587628866,-0.02577319587628866,-0.02577319587628866,-0.02577319587628866,-0.02577319587628866,-0.02577319587628866]","[-0.10231179663703725,-0.10231179663703725,-0.10231179663703725,-0.10231179663703725,-0.10231179663703725,-0.10231179663703725,-0.10231179663703725,-0.10231179663703725,-0.10231179663703725,-0.10231179663703725,-0.10231179663703725,-0.10231179663703725,-0.10231179663703725,-0.10231179663703725,-0.10231179663703725,-0.10231179663703725,-0.10231179663703725,-0.10231179663703725,-0.10231179663703725,-0.10168697282099344,-0.10168697282099344,-0.10168697282099344,-0.10168697282099344,-0.10168697282099344,-0.10168697282099344,-0.10168697282099344,-0.10168697282099344,-0.10168697282099344,-0.10168697282099344,-0.10168697282099344,-0.10168697282099344,-0.10168697282099344,-0.10168697282099344,-0.11605752017191893,-0.18978444236176195,-0.22289913216817012,-0.25851300283358714,-0.27850673571857426,-0.29475164011246485,-0.3184942586911317,-0.33099033459392574,-0.34536082474226804,-0.35973137209319356,-0.3634802005842901,-0.3641049671977507,-0.36535461482983833,-0.36535461482983833,-0.36597938144329895,-0.36597938144329895,-0.3716026241799438,-0.3784755145486762,-0.3797251049781806,-0.3809746954076851,-0.3822243430397727,-0.3828491096532334,-0.3828491096532334,-0.3828491096532334,-0.3828491096532334]","[0,0,0,0,0,0,0,0,0,0,0,0,0,0,0,0,0,0,0,0,0,1,1,1,1,1,0,0,0,0,0,0,0,0,0,0,0,0,0,0,0,0,0,0,0,0,0,0,0,0,0,0,0,0,0,0,0,1]","[0,0,0,0,0,0,0,0,0,0,0,0,0,0,0,0,0,0,0,0,0,0,0,0,0,0,0,0,0,0,0,0,0,0,0,0,0,0,0,0,0,0,0,0,0,0,0,0,0,0,0,0,0,0,0,0,0,0]","[0,0,0,0,0,0,0,0,0,0,0,0,0,0,0,0,0,0,0,0,0,0,0,0,0,0,0,0,0,0,0,0,0,0,0,0,0,0,0,0,0,0,0,0,0,0,0,0,0,0,0,0,0,0,0,0,0,0]","[0,0.01360000002384254,0.030500000000003524,0.047200000047688206,0.063799999952316,0.08070000004768474,0.09720000004768536,0.13050000000000495,0.1377000000476869,0.14910000002384294,0.16370000004769025,0.18089999997616246,0.19720000004768679,0.2137000000476874,0.23050000000000637,0.2469999999999999,0.26379999995231884,0.28060000002384555,0.2971000000238462,0.3142999999523184,0.3305000000000007,0.34720000004768536,0.36429999995232265,0.380700000047689,0.3972000000476896,0.4140000000000015,0.43060000002384413,0.44820000004768445,0.46410000002384777,0.4807000000476904,0.4971000000238419,0.5141000000238449,0.5307999999523219,0.5472999999523225,0.5641000000238421,0.5810000000000031,0.5972000000476854,0.6142999999523227,0.6311000000238423,0.6472999999523168,0.6640000000000015,0.6806000000238441,0.6975000000000051,0.7141000000238478,0.7307000000476904,0.7476000000238443,0.7636000000238425,0.7807999999523219,0.7973999999761645,0.8143999999761604,0.830799999952319,0.8473999999761617,0.8643999999761647,0.8810000000000002,0.8972999999523168,0.9140000000000015,0.9306000000238441,0.9472000000476868]","[""polygon_submitbutton"",""polygon_submitbutton"",""polygon_submitbutton"",""polygon_submitbutton"",""polygon_submitbutton"",""polygon_submitbutton"",""polygon_submitbutton"",""polygon_submitbutton"",""polygon_submitbutton""]",27,0,27,0,1,0.9,10,alone,27,0.9499
,BON001,2023-12-18_12h42.25.408,willingness2pay,2023.2.2,Win32,59.65519298,uk,"[0.20665417057169636,0.20665417057169636,0.20665417057169636,0.20665417057169636,0.20665417057169636,0.20665417057169636,0.20665417057169636,0.20665417057169636,0.20665417057169636,0.20665417057169636,0.20665417057169636,0.20665417057169636,0.20665417057169636,0.20665417057169636,0.20665417057169636,0.20665417057169636,0.20665417057169636,0.20665417057169636,0.20665417057169636,0.20665417057169636,0.20727905159032334,0.20727905159032334,0.20727905159032334,0.20727905159032334,0.20727905159032334,0.20727905159032334,0.20727905159032334,0.20727905159032334,0.20727905159032334,0.20727905159032334,0.20727905159032334,0.20727905159032334,0.20727905159032334,0.1947829184849461,0.17728842366155106,0.1541705716963449,0.13917525773195877,0.11355828211032686,0.09918779196198453,0.08606689224314668,0.0729459925243088,0.056076264314374416,0.04920337394564199,0.04295536459553655,0.041080950349988286,0.03858171228839621,0.03483288379729967,0.03108405530620314,0.023586398324010074,0.018587979403409092,0.01608874134181701,0.012964736666764292,0.010465498605172211,0.0067166701140756796,0.0023430178069353325,0.00046860356138706655,-0.00015616305207357076,-0.0007809868681173852,-0.0007809868681173852,-0.0007809868681173852,-0.0007809868681173852]","[-0.09106531116374765,-0.09106531116374765,-0.09106531116374765,-0.09106531116374765,-0.09106531116374765,-0.09106531116374765,-0.09106531116374765,-0.09106531116374765,-0.09106531116374765,-0.09106531116374765,-0.09106531116374765,-0.09106531116374765,-0.09106531116374765,-0.09106531116374765,-0.09106531116374765,-0.09106531116374765,-0.09106531116374765,-0.09106531116374765,-0.09106531116374765,-0.09106531116374765,-0.09106531116374765,-0.09106531116374765,-0.09106531116374765,-0.09106531116374765,-0.09106531116374765,-0.09106531116374765,-0.09106531116374765,-0.09106531116374765,-0.09106531116374765,-0.09106531116374765,-0.09106531116374765,-0.09106531116374765,-0.09106531116374765,-0.10606062512813379,-0.1291784198907568,-0.16416746674013002,-0.1891596757483013,-0.2316463795798676,-0.26038741707913543,-0.2847548022712629,-0.3022492970946579,-0.3209934395501406,-0.32849109653233366,-0.33598875351452673,-0.33973758200562326,-0.34223682006721534,-0.3478600628038601,-0.3528584817244611,-0.36535461482983833,-0.3716026241799438,-0.3753514526710403,-0.3797251049781806,-0.384098757285321,-0.39034676663542645,-0.3984692474336633,-0.40159325210871605,-0.4028428997408037,-0.4034676663542643,-0.4034676663542643,-0.4034676663542643,-0.4040924901703081]","[0,0,0,0,0,0,0,0,0,0,0,0,0,0,0,0,0,0,0,0,1,1,1,1,1,0,0,0,0,0,0,0,0,0,0,0,0,0,0,0,0,0,0,0,0,0,0,0,0,0,0,0,0,0,0,0,0,0,0,0,1]","[0,0,0,0,0,0,0,0,0,0,0,0,0,0,0,0,0,0,0,0,0,0,0,0,0,0,0,0,0,0,0,0,0,0,0,0,0,0,0,0,0,0,0,0,0,0,0,0,0,0,0,0,0,0,0,0,0,0,0,0,0]","[0,0,0,0,0,0,0,0,0,0,0,0,0,0,0,0,0,0,0,0,0,0,0,0,0,0,0,0,0,0,0,0,0,0,0,0,0,0,0,0,0,0,0,0,0,0,0,0,0,0,0,0,0,0,0,0,0,0,0,0,0]","[0.00010000002384202844,0.013899999976153765,0.03049999999999642,0.04679999995231299,0.063799999952316,0.08039999997615865,0.0969999999999942,0.11399999999999721,0.13029999995231378,0.14720000004768252,0.16379999995231032,0.18039999997615297,0.19699999999999562,0.2137000000476803,0.23039999997615723,0.24710000002384191,0.26379999995231174,0.2802000000476781,0.2971000000238391,0.31400000000000006,0.332399999976154,0.34729999995231253,0.36429999995231555,0.38060000002383987,0.39670000004768013,0.4134999999999991,0.4311000000238394,0.4469999999999956,0.4636000000238383,0.4806000000238413,0.4972999999523111,0.5138999999761538,0.5304999999999964,0.5474999999999994,0.563899999976158,0.581100000023838,0.5972999999523125,0.6138999999761552,0.6308999999761582,0.6472999999523168,0.6638999999761523,0.6809999999999974,0.697299999952314,0.7142000000476827,0.7308999999761525,0.7472999999523111,0.7639999999999958,0.7811000000238408,0.7972999999523154,0.8141000000238421,0.8305000000000007,0.8472999999523125,0.8641000000238392,0.8803999999761558,0.8975000000000009,0.9141000000238364,0.930600000023837,0.947299999952314,0.9638999999761566,0.9806000000238413,0.9969999999999999]","[""polygon_submitbutton"",""polygon_submitbutton"",""polygon_submitbutton"",""polygon_submitbutton"",""polygon_submitbutton"",""polygon_submitbutton"",""polygon_submitbutton"",""polygon_submitbutton"",""polygon_submitbutton"",""polygon_submitbutton"",""polygon_submitbutton"",""polygon_submitbutton""]",28,0,28,0,1,0.706296922,12,alone,82,0.9998
,BON001,2023-12-18_12h42.25.408,willingness2pay,2023.2.2,Win32,59.65519298,uk,"[0.05232743582327788,0.05232743582327788,0.05170261200723407,0.05107778819119025,0.04920337394564199,0.039831302717900655,0.023586398324010074,0.0054670796845712275,-0.015776300832503514,-0.02452354824420103,-0.030771614796889644,-0.03951886220858716,-0.06388624740071462,-0.08575445173383317,-0.10762259886436856,-0.11387066541705718,-0.11636984627606607,-0.11636984627606607,-0.11636984627606607,-0.11699467009210988,-0.1201186747671626,-0.12699156513589505,-0.13386439830204427,-0.13511398873154873,-0.13573881254759254,-0.136988402977097,-0.136988402977097,-0.136988402977097,-0.136988402977097,-0.136988402977097,-0.136988402977097,-0.136988402977097,-0.136988402977097,-0.136988402977097,-0.136988402977097,-0.136988402977097,-0.136988402977097,-0.136988402977097,-0.136988402977097,-0.136988402977097,-0.13386439830204427,-0.1144954320305178,-0.09887535145267104,-0.0776319709355963,-0.03889409559512652,-0.007029053420805998,0.02296157450796626,0.050453021577729615,0.054826616682286784,0.054826616682286784,0.05232743582327788,0.047953783516137535,0.04482977884108482,0.04170571696344892,0.04170571696344892,0.040456126533944474,0.040456126533944474,0.039831302717900655,0.03920653610444002,0.03670729804284794,0.03420805998125586,0.029834464876698687,0.027335226815106608,0.026710402999062792,0.026085636385602157,0.02546081256955834,0.02546081256955834,0.02421122214005389,0.02421122214005389,0.02421122214005389]","[-0.18416119962511715,-0.17853795688847235,-0.17478912839737581,-0.17353953796787136,-0.17104029990627928,-0.16041863824903352,-0.14729773853019565,-0.1316776007497657,-0.11855670103092783,-0.11418310592637067,-0.11105904404873478,-0.10793503937368205,-0.09918779196198453,-0.09293972540929592,-0.08731648267265113,-0.08481724461105905,-0.0835676541815546,-0.0835676541815546,-0.0835676541815546,-0.0835676541815546,-0.0835676541815546,-0.08481724461105905,-0.08481724461105905,-0.08419247799759841,-0.08419247799759841,-0.08419247799759841,-0.08419247799759841,-0.08481724461105905,-0.08481724461105905,-0.08481724461105905,-0.08481724461105905,-0.08481724461105905,-0.08481724461105905,-0.08481724461105905,-0.08481724461105905,-0.08481724461105905,-0.08481724461105905,-0.08481724461105905,-0.08481724461105905,-0.08481724461105905,-0.0891908969181994,-0.11355828211032686,-0.14229931960959466,-0.1835364330116565,-0.2572633552014995,-0.3103717778928948,-0.36035613870665417,-0.4178382137051898,-0.4347079419151242,-0.4397063608357252,-0.4459544273884138,-0.4497032558795103,-0.452827260554563,-0.4553264986161551,-0.45595126522961577,-0.45595126522961577,-0.45595126522961577,-0.4553264986161551,-0.45345208437060686,-0.4509528463090148,-0.44720401781791824,-0.44283036551077787,-0.44095595126522963,-0.4397063608357252,-0.4384567704062207,-0.4378319465901769,-0.4378319465901769,-0.4378319465901769,-0.4378319465901769,-0.4372071227741331]","[0,0,0,0,0,0,0,0,0,0,0,0,0,0,0,0,0,0,0,0,0,0,0,0,0,0,0,0,1,1,1,1,1,0,0,0,0,0,0,0,0,0,0,0,0,0,0,0,0,0,0,0,0,0,0,0,0,0,0,0,0,0,0,0,0,0,0,0,0,1]","[0,0,0,0,0,0,0,0,0,0,0,0,0,0,0,0,0,0,0,0,0,0,0,0,0,0,0,0,0,0,0,0,0,0,0,0,0,0,0,0,0,0,0,0,0,0,0,0,0,0,0,0,0,0,0,0,0,0,0,0,0,0,0,0,0,0,0,0,0,0]","[0,0,0,0,0,0,0,0,0,0,0,0,0,0,0,0,0,0,0,0,0,0,0,0,0,0,0,0,0,0,0,0,0,0,0,0,0,0,0,0,0,0,0,0,0,0,0,0,0,0,0,0,0,0,0,0,0,0,0,0,0,0,0,0,0,0,0,0,0,0]","[0,0.013399999976158483,0.029800000071524835,0.046700000047678714,0.06339999997615564,0.07960000002383794,0.09649999999999892,0.11310000002384157,0.12989999997615342,0.14670000004768013,0.16289999997615467,0.17970000004768139,0.19680000007152643,0.21289999997615894,0.22970000004767854,0.24639999997615547,0.2628999999761561,0.2798999999761591,0.29639999997615263,0.31320000004767934,0.3299999999999983,0.34660000002384095,0.3633999999761528,0.3798999999761534,0.3963000000715269,0.41320000004768076,0.42960000002383936,0.44660000002384237,0.46280000007152466,0.48160000002383896,0.49799999999999756,0.5127000000476798,0.5294999999999987,0.5463999999761526,0.563899999976158,0.57970000004768,0.5964999999999989,0.6133000000715256,0.6297000000476842,0.6462000000476849,0.6633000000715228,0.6802000000476838,0.6965000000000003,0.713000000000001,0.7299999999999969,0.7467000000476816,0.7633000000715242,0.7798000000715248,0.7968000000715207,0.8132000000476793,0.8299999999999983,0.8464999999999989,0.8632000000476836,0.8798000000715263,0.8964999999999961,0.9144999999999968,0.9294999999999973,0.946300000071524,0.9633999999761542,0.9802000000476809,0.9963999999761555,1.0133999999761585,1.029899999976159,1.0466000000238367,1.0631000000238373,1.07970000004768,1.096600000023841,1.1133999999761528,1.1295000000000002,1.147899999976154]","[""polygon_submitbutton"",""polygon_submitbutton"",""polygon_submitbutton"",""polygon_submitbutton"",""polygon_submitbutton"",""polygon_submitbutton"",""polygon_submitbutton"",""polygon_submitbutton"",""polygon_submitbutton"",""polygon_submitbutton"",""polygon_submitbutton"",""polygon_submitbutton"",""polygon_submitbutton"",""polygon_submitbutton"",""polygon_submitbutton""]",29,0,29,0,1,0.367023472,24,together,28.5,1.1494
,BON001,2023-12-18_12h42.25.408,willingness2pay,2023.2.2,Win32,59.65519298,uk,"[0.15604498594189317,0.15542021932843253,0.15542021932843253,0.15479539551238872,0.1541705716963449,0.15354580508288426,0.15354580508288426,0.15292098126684045,0.15292098126684045,0.15292098126684045,0.15292098126684045,0.15292098126684045,0.15292098126684045,0.15292098126684045,0.15292098126684045,0.15292098126684045,0.15292098126684045,0.15229615745079664,0.15229615745079664,0.15229615745079664,0.15229615745079664,0.15229615745079664,0.15229615745079664,0.15229615745079664,0.15229615745079664,0.15229615745079664,0.15229615745079664,0.15229615745079664,0.15229615745079664,0.15229615745079664,0.15229615745079664,0.14417373385514293,0.12542959139966026,0.11043427743527413,0.09418931583880037,0.06919716403321227,0.05232743582327788,0.03670729804284794,0.014214327096268744,0.0023430178069353325,-0.011402648525363168,-0.018275538894095594,-0.022649133998652763,-0.02577319587628866,-0.027647610121836926,-0.028897200551341377,-0.029522024367385193,-0.030146790980845828,-0.030771614796889644,-0.030771614796889644,-0.030771614796889644,-0.030771614796889644,-0.030771614796889644,-0.030771614796889644,-0.030771614796889644]","[-0.08044364950650187,-0.08169323993600633,-0.08294283036551078,-0.0835676541815546,-0.08481724461105905,-0.08544206842710286,-0.08606689224314668,-0.0866916588566073,-0.0866916588566073,-0.0866916588566073,-0.0866916588566073,-0.0866916588566073,-0.0866916588566073,-0.0866916588566073,-0.0866916588566073,-0.0866916588566073,-0.0866916588566073,-0.0866916588566073,-0.0866916588566073,-0.0866916588566073,-0.0866916588566073,-0.0866916588566073,-0.0866916588566073,-0.0866916588566073,-0.0866916588566073,-0.0866916588566073,-0.0866916588566073,-0.0866916588566073,-0.0866916588566073,-0.0866916588566073,-0.0866916588566073,-0.09731337771643626,-0.11605752017191893,-0.13042801032026125,-0.1460481481006912,-0.17041553329281864,-0.1891596757483013,-0.20852858481724462,-0.24164327462365276,-0.2647610121836926,-0.299750116235649,-0.3203686729366799,-0.33723840114661435,-0.3553577197860532,-0.360980962522698,-0.36535461482983833,-0.3697282099343955,-0.37410186224153585,-0.3784755145486762,-0.3822243430397727,-0.3872227619603737,-0.39034676663542645,-0.39159641426751407,-0.3922211808809747,-0.3922211808809747]","[0,0,0,0,0,0,0,0,0,0,0,0,0,0,0,0,0,1,1,1,1,1,1,0,0,0,0,0,0,0,0,0,0,0,0,0,0,0,0,0,0,0,0,0,0,0,0,0,0,0,0,0,0,0,1]","[0,0,0,0,0,0,0,0,0,0,0,0,0,0,0,0,0,0,0,0,0,0,0,0,0,0,0,0,0,0,0,0,0,0,0,0,0,0,0,0,0,0,0,0,0,0,0,0,0,0,0,0,0,0,0]","[0,0,0,0,0,0,0,0,0,0,0,0,0,0,0,0,0,0,0,0,0,0,0,0,0,0,0,0,0,0,0,0,0,0,0,0,0,0,0,0,0,0,0,0,0,0,0,0,0,0,0,0,0,0,0]","[0,0.013500000000000512,0.030500000000003524,0.047300000071530235,0.06370000004768883,0.08030000007153149,0.09740000009536942,0.11360000002384396,0.13030000007152864,0.14670000004768724,0.1633000000715299,0.18020000004768377,0.1967000000476844,0.21350000000000335,0.23000000000000398,0.2468000000715307,0.26360000002384254,0.27980000007153194,0.2972000000476882,0.3139000000953729,0.33010000002384743,0.34770000004768775,0.36340000009536766,0.38000000000000256,0.39730000007153166,0.41370000004769025,0.4302000000476838,0.44710000002384476,0.4636000000238454,0.48030000007153006,0.4969999999999999,0.5137000000476846,0.5302000000476852,0.5472000000476882,0.5639000000953729,0.5803000000715315,0.5974000000953694,0.613800000071528,0.6304000000953707,0.6471000000238476,0.6637000000476903,0.6803000000715258,0.6972000000476868,0.7138000000715294,0.7304000000953721,0.7469000000953727,0.7651000000238426,0.7884000000953719,0.7968000000715278,0.8138000000715309,0.8304000000953735,0.8471000000238433,0.863800000071528,0.8802000000476866,0.8968000000715293]","[""polygon_submitbutton"",""polygon_submitbutton"",""polygon_submitbutton"",""polygon_submitbutton"",""polygon_submitbutton"",""polygon_submitbutton"",""polygon_submitbutton"",""polygon_submitbutton""]",30,0,30,0,1,0.9,15,alone,73.5,0.8996
,BON001,2023-12-18_12h42.25.408,willingness2pay,2023.2.2,Win32,59.65519298,uk,"[-0.030771614796889644,-0.030771614796889644,-0.030771614796889644,-0.030771614796889644,-0.030771614796889644,-0.030771614796889644,-0.030771614796889644,-0.030771614796889644,0.00046860356138706655,0.030459231490159326,0.05170261200723407,0.07357075913776945,0.08856607310215557,0.1179319344174672,0.13542642924086223,0.1485473289597001,0.1579194001874414,0.15979381443298968,0.1604186954516167,0.16104346206507733,0.16104346206507733,0.16104346206507733,0.16104346206507733,0.16104346206507733,0.16104346206507733,0.16104346206507733,0.16104346206507733,0.16104346206507733,0.16104346206507733,0.15979381443298968,0.15854422400348525,0.15666980975793698,0.15604498594189317,0.15604498594189317,0.15542021932843253,0.15292098126684045,0.14667291471415184,0.13980008154800258,0.1379256673024543,0.1373008434864105,0.1373008434864105,0.1373008434864105,0.1373008434864105,0.1373008434864105,0.1373008434864105,0.1373008434864105,0.1373008434864105,0.1373008434864105,0.1373008434864105,0.1373008434864105,0.1373008434864105,0.1373008434864105,0.1373008434864105,0.1373008434864105,0.1373008434864105,0.1373008434864105,0.1373008434864105,0.1373008434864105,0.1373008434864105,0.1373008434864105,0.13542642924086223,0.11918152484697164,0.10418621088258552,0.0891908969181994,0.07169634489222118,0.05920026898942713,0.041080950349988286,0.029834464876698687,0.020462393648957355,0.006091846298031865,-0.0007809868681173852,-0.007029053420805998,-0.012027472341406982,-0.014526710402999063,-0.015776300832503514,-0.01765071507805178,-0.01765071507805178,-0.01765071507805178,-0.01765071507805178,-0.01765071507805178,-0.01765071507805178,-0.01765071507805178,-0.01765071507805178,-0.01765071507805178,-0.01765071507805178,-0.01765071507805178,-0.01765071507805178]","[-0.3922211808809747,-0.3922211808809747,-0.3922211808809747,-0.3922211808809747,-0.3922211808809747,-0.3922211808809747,-0.3922211808809747,-0.3922211808809747,-0.34223682006721534,-0.28975322119186386,-0.2503905220353503,-0.20103092783505155,-0.16791629523122656,-0.10980945361923032,-0.07357075913776945,-0.05170261200723407,-0.03920653610444002,-0.03733212185889175,-0.03670729804284794,-0.03608247422680412,-0.03608247422680412,-0.03608247422680412,-0.03608247422680412,-0.03608247422680412,-0.03608247422680412,-0.03733212185889175,-0.03795688847235239,-0.03920653610444002,-0.04170571696344892,-0.04607936927058927,-0.05295220243673852,-0.05670103092783505,-0.05920026898942713,-0.060449859418931585,-0.06294909748052366,-0.06794751640112465,-0.08294283036551078,-0.09668855390039245,-0.10168697282099344,-0.10356138706654171,-0.10356138706654171,-0.10356138706654171,-0.10356138706654171,-0.10356138706654171,-0.10356138706654171,-0.10418621088258552,-0.10418621088258552,-0.10418621088258552,-0.10418621088258552,-0.10418621088258552,-0.10418621088258552,-0.10418621088258552,-0.10418621088258552,-0.10418621088258552,-0.10418621088258552,-0.10418621088258552,-0.10418621088258552,-0.10418621088258552,-0.10418621088258552,-0.10418621088258552,-0.11043427743527413,-0.15292098126684045,-0.18041237113402062,-0.2047797563261481,-0.2366447985004686,-0.2547641743424906,-0.28038114996412256,-0.29787570199010077,-0.3159950206295396,-0.3441112343127636,-0.360980962522698,-0.37660110030312793,-0.39159641426751407,-0.39909407124970714,-0.4047173139863519,-0.4090909090909091,-0.41034055672299674,-0.41034055672299674,-0.41034055672299674,-0.41034055672299674,-0.41034055672299674,-0.41034055672299674,-0.41096532333645736,-0.41096532333645736,-0.41096532333645736,-0.41096532333645736,-0.41096532333645736]","[0,0,0,0,0,0,0,0,0,0,0,0,0,0,0,0,0,0,0,0,0,0,0,0,0,0,0,0,0,0,0,0,0,0,0,0,0,0,0,0,0,0,0,0,0,1,1,1,1,1,1,0,0,0,0,0,0,0,0,0,0,0,0,0,0,0,0,0,0,0,0,0,0,0,0,0,0,0,0,0,0,0,0,0,0,0,1]","[0,0,0,0,0,0,0,0,0,0,0,0,0,0,0,0,0,0,0,0,0,0,0,0,0,0,0,0,0,0,0,0,0,0,0,0,0,0,0,0,0,0,0,0,0,0,0,0,0,0,0,0,0,0,0,0,0,0,0,0,0,0,0,0,0,0,0,0,0,0,0,0,0,0,0,0,0,0,0,0,0,0,0,0,0,0,0]","[0,0,0,0,0,0,0,0,0,0,0,0,0,0,0,0,0,0,0,0,0,0,0,0,0,0,0,0,0,0,0,0,0,0,0,0,0,0,0,0,0,0,0,0,0,0,0,0,0,0,0,0,0,0,0,0,0,0,0,0,0,0,0,0,0,0,0,0,0,0,0,0,0,0,0,0,0,0,0,0,0,0,0,0,0,0,0]","[0,0.014100000023844927,0.03070000004768758,0.0473999999761574,0.06410000002384209,0.08060000002384271,0.09710000002384334,0.11410000002384635,0.1308999999761582,0.1477000000476849,0.16450000000000387,0.1810000000000045,0.19770000004768917,0.21429999995231697,0.2312000000476857,0.24770000004768633,0.26610000002384737,0.28079999995232185,0.29779999995231776,0.3142000000476841,0.330799999952319,0.34710000002384334,0.3640000000000043,0.38079999995231617,0.3973999999761588,0.4142999999523198,0.4311000000238465,0.4477000000476892,0.46410000002384777,0.48229999995231765,0.4975000000000023,0.5143999999761633,0.5307999999523219,0.5473999999761574,0.5643999999761604,0.5812000000476871,0.5973999999761617,0.6146000000238416,0.6307999999523162,0.6475000000000009,0.6642000000476926,0.6806000000238512,0.697499999999998,0.7140000000000057,0.7308999999761667,0.748399999976165,0.7653999999761609,0.7812999999523171,0.7976000000238415,0.8140000000000001,0.8307000000476918,0.8476000000238386,0.8647000000476837,0.880700000047689,0.8972999999523168,0.9142000000476926,0.9306000000238512,0.947499999999998,0.9640000000000057,0.9807999999523176,0.9975000000000094,1.0145000000000053,1.0312000000476829,1.0477000000476906,1.0642999999523184,1.081100000023845,1.0975000000000037,1.1142999999523155,1.1312999999523257,1.1475000000000009,1.1644999999999968,1.1808999999761554,1.197499999999998,1.214299999952324,1.2308999999761667,1.2477000000476934,1.2643999999761562,1.2807000000476805,1.2972999999523225,1.314,1.3307999999523261,1.3472999999523196,1.3641000000238463,1.3806000000238399,1.3972000000476825,1.4142000000476926,1.430500000000002]","[""polygon_submitbutton"",""polygon_submitbutton"",""polygon_submitbutton"",""polygon_submitbutton"",""polygon_submitbutton"",""polygon_submitbutton"",""polygon_submitbutton"",""polygon_submitbutton"",""polygon_submitbutton"",""polygon_submitbutton"",""polygon_submitbutton"",""polygon_submitbutton"",""polygon_submitbutton"",""polygon_submitbutton"",""polygon_submitbutton"",""polygon_submitbutton"",""polygon_submitbutton"",""polygon_submitbutton"",""polygon_submitbutton"",""polygon_submitbutton"",""polygon_submitbutton"",""polygon_submitbutton"",""polygon_submitbutton"",""polygon_submitbutton""]",31,0,31,0,1,0.241585822,18,alone,71.5,1.4332
,BON001,2023-12-18_12h42.25.408,willingness2pay,2023.2.2,Win32,59.65519298,uk,"[-0.04389251451572751,-0.06326148078725398,-0.07325831862845596,-0.08200562324273665,-0.08575445173383317,-0.08825363259284208,-0.09012804683839035,-0.09637611339107896,-0.10324894655722822,-0.11199625117150891,-0.1144954320305178,-0.11512025584656162,-0.11512025584656162,-0.11512025584656162,-0.11512025584656162,-0.11636984627606607,-0.11699467009210988,-0.11699467009210988,-0.11699467009210988,-0.11699467009210988,-0.11699467009210988,-0.11886908433765815,-0.11886908433765815,-0.1201186747671626,-0.1201186747671626,-0.1201186747671626,-0.1201186747671626,-0.1201186747671626,-0.1201186747671626,-0.1201186747671626,-0.1201186747671626,-0.1201186747671626,-0.1201186747671626,-0.1201186747671626,-0.1201186747671626,-0.1201186747671626,-0.108872189293873,-0.08575445173383317,-0.07388314244449977,-0.06576066164626289,-0.05576382380506092,-0.049515757252372304,-0.04576692876127577,-0.03826927177908271,-0.03327085285848173,-0.029522024367385193,-0.025148372060244846,-0.02327395781469658,-0.021399543569148312,-0.021399543569148312,-0.021399543569148312,-0.021399543569148312,-0.0207747197531045,-0.0207747197531045,-0.0207747197531045,-0.0207747197531045,-0.0207747197531045,-0.0207747197531045,-0.0207747197531045,-0.0207747197531045,-0.0207747197531045]","[-0.19165885660731022,-0.17666354264292408,-0.1660418809856783,-0.1572946335739808,-0.15104656702129218,-0.1485473289597001,-0.14542332428464738,-0.1373008434864105,-0.12792877225866917,-0.11605752017191893,-0.11418310592637067,-0.11293345829428304,-0.1123086916808224,-0.1123086916808224,-0.1123086916808224,-0.1123086916808224,-0.1123086916808224,-0.1123086916808224,-0.1123086916808224,-0.11168386786477859,-0.11168386786477859,-0.11105904404873478,-0.11043427743527413,-0.10980945361923032,-0.10980945361923032,-0.10980945361923032,-0.10980945361923032,-0.10980945361923032,-0.10980945361923032,-0.10980945361923032,-0.10980945361923032,-0.10980945361923032,-0.10980945361923032,-0.10980945361923032,-0.10980945361923032,-0.10980945361923032,-0.1291784198907568,-0.17291471415182755,-0.19540768509840675,-0.21602624179943766,-0.24164327462365276,-0.25851300283358714,-0.27413308341143394,-0.2928772258669166,-0.30537335897229384,-0.3184942586911317,-0.3366135773305705,-0.3497344770494084,-0.3666042052593428,-0.3728522718120314,-0.37722586691658855,-0.38034992879422447,-0.3865979381443299,-0.3928460046970185,-0.40221807592475983,-0.40596690441585637,-0.4072164948453608,-0.40846614247744845,-0.40846614247744845,-0.40846614247744845,-0.40846614247744845]","[0,0,0,0,0,0,0,0,0,0,0,0,0,0,0,0,0,0,0,0,0,0,0,0,0,1,1,1,1,1,1,0,0,0,0,0,0,0,0,0,0,0,0,0,0,0,0,0,0,0,0,0,0,0,0,0,0,0,0,0,1]","[0,0,0,0,0,0,0,0,0,0,0,0,0,0,0,0,0,0,0,0,0,0,0,0,0,0,0,0,0,0,0,0,0,0,0,0,0,0,0,0,0,0,0,0,0,0,0,0,0,0,0,0,0,0,0,0,0,0,0,0,0]","[0,0,0,0,0,0,0,0,0,0,0,0,0,0,0,0,0,0,0,0,0,0,0,0,0,0,0,0,0,0,0,0,0,0,0,0,0,0,0,0,0,0,0,0,0,0,0,0,0,0,0,0,0,0,0,0,0,0,0,0,0]","[0,0.013500000000007617,0.02980000007153194,0.046700000047678714,0.0636000000238397,0.07989999997616337,0.09670000004769008,0.11350000000000193,0.1301000000238446,0.1478999999761612,0.16339999997616417,0.18020000004769088,0.19660000002384947,0.213100000023843,0.22980000007152057,0.24689999997616496,0.2633999999761585,0.2798999999761662,0.29630000007152546,0.31370000004768883,0.3298000000715291,0.346800000071525,0.3638999999761552,0.3801000000238446,0.3966000000238381,0.4133000000715299,0.4314999999999998,0.4466000000238495,0.46320000004769213,0.4801000000238389,0.49660000002384663,0.5135000000000076,0.5308000000715225,0.5463999999761597,0.5633999999761556,0.5801000000238474,0.5970000000000084,0.613700000047686,0.6303000000715286,0.6466000000238381,0.6637000000476831,0.6801000000238417,0.6970000000000027,0.7134999999999962,0.730300000071523,0.747100000023849,0.7636000000238425,0.7803999999761544,0.7968000000715278,0.8136000000238397,0.8302000000476824,0.8467000000476901,0.8632000000476836,0.8801000000238446,0.8968999999761564,0.9136000000238482,0.9302000000476909,0.9466000000238495,0.9633999999761613,0.9797000000476856,0.9964999999999975]","[""polygon_submitbutton"",""polygon_submitbutton"",""polygon_submitbutton"",""polygon_submitbutton"",""polygon_submitbutton"",""polygon_submitbutton"",""polygon_submitbutton"",""polygon_submitbutton"",""polygon_submitbutton"",""polygon_submitbutton"",""polygon_submitbutton"",""polygon_submitbutton""]",32,0,32,0,1,0.542993441,17,alone,31.5,0.9993
,BON001,2023-12-18_12h42.25.408,willingness2pay,2023.2.2,Win32,59.65519298,uk,"[0.09981255857544517,0.10293662045308107,0.10543580131208997,0.1066854489441776,0.10731021555763824,0.10980945361923032,0.1148078725398313,0.11980634866301547,0.12417994376757263,0.12542959139966026,0.1260543580131209,0.12730400564520852,0.12792877225866917,0.12792877225866917,0.12792877225866917,0.12792877225866917,0.12792877225866917,0.12792877225866917,0.12855359607471298,0.12855359607471298,0.12855359607471298,0.12855359607471298,0.12855359607471298,0.12855359607471298,0.12855359607471298,0.12855359607471298,0.12855359607471298,0.12855359607471298,0.12855359607471298,0.12855359607471298,0.12855359607471298,0.11543269635587512,0.0779444114449098,0.03608247422680412,0.017963155587365276,-0.007029053420805998,-0.021399543569148312,-0.03389561947194236,-0.049515757252372304,-0.057638238050609185,-0.0607622427256619,-0.062011833155166354,-0.06263665697121017,-0.06263665697121017,-0.06263665697121017,-0.06263665697121017,-0.06263665697121017,-0.06263665697121017,-0.062011833155166354,-0.062011833155166354,-0.06138706654170572,-0.06138706654170572,-0.0607622427256619,-0.06013741890961809,-0.05951265229615745,-0.05951265229615745,-0.05951265229615745]","[-0.09731337771643626,-0.09856296814594072,-0.09918779196198453,-0.09918779196198453,-0.09918779196198453,-0.09981255857544517,-0.10043738239148899,-0.1010622062075328,-0.10168697282099344,-0.10168697282099344,-0.10168697282099344,-0.10168697282099344,-0.10168697282099344,-0.10168697282099344,-0.10168697282099344,-0.10168697282099344,-0.10168697282099344,-0.10168697282099344,-0.10293662045308107,-0.10293662045308107,-0.10293662045308107,-0.10293662045308107,-0.10293662045308107,-0.10293662045308107,-0.10293662045308107,-0.10293662045308107,-0.10293662045308107,-0.10293662045308107,-0.10293662045308107,-0.10293662045308107,-0.10293662045308107,-0.1148078725398313,-0.14667291471415184,-0.1835364330116565,-0.20103092783505155,-0.2341456176414597,-0.25788817901754335,-0.28662921651681117,-0.3209934395501406,-0.33786316776007497,-0.34661047237435566,-0.35098406747891286,-0.3522337151110005,-0.35348330554050494,-0.3547328959700094,-0.35660731021555764,-0.3616057863387418,-0.36597938144329895,-0.36910344332093487,-0.3703530337504393,-0.3716026241799438,-0.373477038425492,-0.37660110030312793,-0.3784755145486762,-0.37910028116213684,-0.3809746954076851,-0.3809746954076851]","[0,0,0,0,0,0,0,0,0,0,0,0,0,0,0,0,0,0,0,1,1,1,1,1,0,0,0,0,0,0,0,0,0,0,0,0,0,0,0,0,0,0,0,0,0,0,0,0,0,0,0,0,0,0,0,0,1]","[0,0,0,0,0,0,0,0,0,0,0,0,0,0,0,0,0,0,0,0,0,0,0,0,0,0,0,0,0,0,0,0,0,0,0,0,0,0,0,0,0,0,0,0,0,0,0,0,0,0,0,0,0,0,0,0,0]","[0,0,0,0,0,0,0,0,0,0,0,0,0,0,0,0,0,0,0,0,0,0,0,0,0,0,0,0,0,0,0,0,0,0,0,0,0,0,0,0,0,0,0,0,0,0,0,0,0,0,0,0,0,0,0,0,0]","[0.00010000002384913387,0.014300000071528984,0.03100000000000591,0.04749999999999943,0.06420000004769122,0.08080000007153387,0.0975000000000108,0.1138999999761694,0.13100000000000023,0.1478999999761612,0.16400000000000148,0.18089999997616246,0.1973999999761702,0.21380000007152944,0.23080000007152535,0.24730000007153308,0.2638000000715266,0.2807000000476876,0.2973999999761645,0.31389999997615803,0.3316000000238546,0.3478000000715298,0.36410000002385345,0.3807000000476961,0.39730000007152455,0.41480000007153706,0.43070000004769327,0.4473000000715359,0.46410000002384777,0.4807000000476904,0.49720000004768394,0.5141000000238449,0.530899999976171,0.5473999999761645,0.5643000000715261,0.5807000000476847,0.5977000000476949,0.6146000000238416,0.6313999999761677,0.6476000000238429,0.6643000000715347,0.6811000000238465,0.6976000000238542,0.7138999999761637,0.7307000000476904,0.7477000000476863,0.7642000000476941,0.78120000004769,0.7976000000238486,0.8141000000238421,0.8311000000238522,0.8477000000476949,0.8643000000715375,0.8811000000238494,0.8973000000715246,0.9147000000476879,0.9303999999761601]","[""polygon_submitbutton"",""polygon_submitbutton"",""polygon_submitbutton"",""polygon_submitbutton"",""polygon_submitbutton"",""polygon_submitbutton"",""polygon_submitbutton"",""polygon_submitbutton""]",33,0,33,0,1,0.837262393,20,alone,70,0.9329
,BON001,2023-12-18_12h42.25.408,willingness2pay,2023.2.2,Win32,59.65519298,uk,"[0.008591084359623946,0.019837569832913543,0.02483598875351453,0.02796005063115042,0.029834464876698687,0.03108405530620314,0.03108405530620314,0.03108405530620314,0.03108405530620314,0.03108405530620314,0.03108405530620314,0.029209641060654875,0.01358950328022493,-0.0032802249297094657,-0.014526710402999063,-0.022024367385192128,-0.02577319587628866,-0.028272376735297564,-0.034520443287986174,-0.040143686024630976,-0.04889093343632849,-0.06138706654170572,-0.06576066164626289,-0.06763507589181116,-0.06825989970785497,-0.06825989970785497,-0.06825989970785497,-0.06825989970785497,-0.06825989970785497,-0.06825989970785497,-0.06825989970785497,-0.06825989970785497,-0.06825989970785497,-0.06825989970785497,-0.06825989970785497,-0.06825989970785497,-0.06825989970785497,-0.06825989970785497,-0.06825989970785497,-0.06825989970785497,-0.05576382380506092,-0.04514210494523196,-0.03826927177908271,-0.03264602904243791,-0.029522024367385193,-0.026397962489749297,-0.02327395781469658,-0.022649133998652763,-0.023898781630740395,-0.027022786305793113,-0.030146790980845828,-0.03264602904243791,-0.035145267104029994,-0.035145267104029994,-0.03327085285848173,-0.030146790980845828,-0.028272376735297564,-0.026397962489749297,-0.026397962489749297,-0.026397962489749297,-0.026397962489749297,-0.026397962489749297,-0.02577319587628866,-0.02577319587628866]","[-0.24289286505315721,-0.2104029990627929,-0.1947829184849461,-0.1829116091956127,-0.1722899475383669,-0.16979070947677483,-0.16541705716963448,-0.16416746674013002,-0.16416746674013002,-0.16416746674013002,-0.1629178763106256,-0.16104346206507733,-0.13855049111849813,-0.12168076290856374,-0.11293345829428304,-0.10793503937368205,-0.1066854489441776,-0.1066854489441776,-0.1066854489441776,-0.1066854489441776,-0.10606062512813379,-0.10231179663703725,-0.10043738239148899,-0.09918779196198453,-0.09856296814594072,-0.09856296814594072,-0.09856296814594072,-0.0979381443298969,-0.0979381443298969,-0.0979381443298969,-0.0979381443298969,-0.0979381443298969,-0.0979381443298969,-0.0979381443298969,-0.0979381443298969,-0.0979381443298969,-0.0979381443298969,-0.0979381443298969,-0.0979381443298969,-0.0979381443298969,-0.10731021555763824,-0.1179319344174672,-0.1266791818291647,-0.13605125305690605,-0.14167449579355085,-0.1485473289597001,-0.16416746674013002,-0.18666043768670923,-0.23352079382541588,-0.25851300283358714,-0.28038114996412256,-0.3003748828491096,-0.327866329918873,-0.34661047237435566,-0.37222744799598756,-0.3872227619603737,-0.394095595126523,-0.40221807592475983,-0.4034676663542643,-0.4034676663542643,-0.4047173139863519,-0.4047173139863519,-0.4047173139863519,-0.4047173139863519]","[0,0,0,0,0,0,0,0,0,0,0,0,0,0,0,0,0,0,0,0,0,0,0,0,0,0,0,1,1,1,1,1,0,0,0,0,0,0,0,0,0,0,0,0,0,0,0,0,0,0,0,0,0,0,0,0,0,0,0,0,0,0,0,1]","[0,0,0,0,0,0,0,0,0,0,0,0,0,0,0,0,0,0,0,0,0,0,0,0,0,0,0,0,0,0,0,0,0,0,0,0,0,0,0,0,0,0,0,0,0,0,0,0,0,0,0,0,0,0,0,0,0,0,0,0,0,0,0,0]","[0,0,0,0,0,0,0,0,0,0,0,0,0,0,0,0,0,0,0,0,0,0,0,0,0,0,0,0,0,0,0,0,0,0,0,0,0,0,0,0,0,0,0,0,0,0,0,0,0,0,0,0,0,0,0,0,0,0,0,0,0,0,0,0]","[0.00010000002384913387,0.013799999952325948,0.030500000000003524,0.046999999999997044,0.0637999999523231,0.08029999995231663,0.09670000004769008,0.11389999997615519,0.13039999997616292,0.1467999999523215,0.1634999999999991,0.18039999997616007,0.19710000002383765,0.21379999995231458,0.23039999997615723,0.2469999999999999,0.26379999995232595,0.28029999995231947,0.2967000000476929,0.31389999997615803,0.3302999999523166,0.34710000002384334,0.36379999995232026,0.3802000000476795,0.3971000000238405,0.41339999997616417,0.4300000000000068,0.44679999995231867,0.46399999999999864,0.4807000000476904,0.49689999997616496,0.5135000000000076,0.5297999999523171,0.5472999999523154,0.5637999999523231,0.5801000000238474,0.5970000000000084,0.6136000000238511,0.6302000000476795,0.6470000000000056,0.6636000000238482,0.6803999999761601,0.6970000000000027,0.7137999999523146,0.7303999999761572,0.747100000023849,0.7635000000000076,0.7802000000476852,0.7968999999761621,0.8140000000000072,0.8305000000000007,0.8468999999761593,0.8641000000238392,0.8804999999999978,0.8970000000000056,0.9147999999523222,0.9303999999761601,0.9470000000000027,0.9638999999761637,0.9805000000000064,0.9972000000476839,1.0136000000238425,1.0303999999761544,1.046799999952313]","[""polygon_submitbutton"",""polygon_submitbutton"",""polygon_submitbutton"",""polygon_submitbutton"",""polygon_submitbutton"",""polygon_submitbutton"",""polygon_submitbutton"",""polygon_submitbutton"",""polygon_submitbutton"",""polygon_submitbutton""]",34,0,34,0,1,0.33187012,4,alone,39.5,1.0494
,BON001,2023-12-18_12h42.25.408,willingness2pay,2023.2.2,Win32,59.65519298,uk,"[-0.02577319587628866,-0.02577319587628866,-0.02577319587628866,-0.0207747197531045,0.014214327096268744,0.027335226815106608,0.03670729804284794,0.05170261200723407,0.06232427366447985,0.07044675446271673,0.08231806375205014,0.08606689224314668,0.09169013497979148,0.09856296814594072,0.10293662045308107,0.11105904404873478,0.11668228678537956,0.1204311152764761,0.12417994376757263,0.12980318650421743,0.13417683881135778,0.13917525773195877,0.13917525773195877,0.13980008154800258,0.13980008154800258,0.13980008154800258,0.13980008154800258,0.13980008154800258,0.13980008154800258,0.13980008154800258,0.13980008154800258,0.13980008154800258,0.13980008154800258,0.13980008154800258,0.13980008154800258,0.13980008154800258,0.13980008154800258,0.13980008154800258,0.13980008154800258,0.13980008154800258,0.13980008154800258,0.1323024245658095,0.12230552952202436,0.10793503937368205,0.09668855390039245,0.08481724461105905,0.06669792597162019,0.054826616682286784,0.041080950349988286,0.021087160262417994,0.009840674789128397,-0.002030577297621837,-0.003904991543170103,-0.01077788191190253,-0.012027472341406982,-0.013901886586955249,-0.014526710402999063,-0.01640112464854733,-0.018275538894095594,-0.02014995313964386,-0.021399543569148312,-0.021399543569148312,-0.021399543569148312,-0.021399543569148312]","[-0.4047173139863519,-0.4047173139863519,-0.4047173139863519,-0.39659483318811506,-0.32349267761173267,-0.2960012877445525,-0.27538273104352157,-0.24664169354425375,-0.22727272727272727,-0.20665417057169636,-0.18103719495006443,-0.17353953796787136,-0.15979381443298968,-0.1460481481006912,-0.1373008434864105,-0.11918152484697164,-0.10918462980318651,-0.10418621088258552,-0.10043738239148899,-0.09481413965484418,-0.09044048734770384,-0.08731648267265113,-0.08731648267265113,-0.08544206842710286,-0.08544206842710286,-0.08544206842710286,-0.08544206842710286,-0.08544206842710286,-0.08481724461105905,-0.08481724461105905,-0.08481724461105905,-0.08481724461105905,-0.08481724461105905,-0.08481724461105905,-0.08481724461105905,-0.08481724461105905,-0.08481724461105905,-0.08481724461105905,-0.08481724461105905,-0.08481724461105905,-0.08481724461105905,-0.09418931583880037,-0.10481103469862933,-0.12542959139966026,-0.1404249053640464,-0.1579194001874414,-0.19040926617780576,-0.21415182755388942,-0.2478912839737582,-0.30287412091070176,-0.3391128153921626,-0.384098757285321,-0.39159641426751407,-0.4047173139863519,-0.40784131866140466,-0.41034055672299674,-0.412214970968545,-0.4159637994596415,-0.42033739456419866,-0.4240862230552952,-0.4253358706873828,-0.4259606373008435,-0.4259606373008435,-0.4265854611168873]","[0,0,0,0,0,0,0,0,0,0,0,0,0,0,0,0,0,0,0,0,0,0,0,0,0,0,0,0,1,1,1,1,1,0,0,0,0,0,0,0,0,0,0,0,0,0,0,0,0,0,0,0,0,0,0,0,0,0,0,0,0,0,0,1]","[0,0,0,0,0,0,0,0,0,0,0,0,0,0,0,0,0,0,0,0,0,0,0,0,0,0,0,0,0,0,0,0,0,0,0,0,0,0,0,0,0,0,0,0,0,0,0,0,0,0,0,0,0,0,0,0,0,0,0,0,0,0,0,0]","[0,0,0,0,0,0,0,0,0,0,0,0,0,0,0,0,0,0,0,0,0,0,0,0,0,0,0,0,0,0,0,0,0,0,0,0,0,0,0,0,0,0,0,0,0,0,0,0,0,0,0,0,0,0,0,0,0,0,0,0,0,0,0,0]","[0,0.013799999952311737,0.03039999997615439,0.0473999999761503,0.0637999999523089,0.08089999997615394,0.09760000002383151,0.11399999999999011,0.13069999992846704,0.14739999997615882,0.1636999999284683,0.18060000002382992,0.19739999997615598,0.21410000002383356,0.23089999997615962,0.24729999995231822,0.2639999999999958,0.2808999999761568,0.29719999992846624,0.3141000000238421,0.3306000000238356,0.34949999999999193,0.36369999992847113,0.3808999999761511,0.39719999992847477,0.4136999999284683,0.4303999999761601,0.44729999995230685,0.4637999999523146,0.4816999999284661,0.49749999999998806,0.5138999999761467,0.5303999999761544,0.546799999952313,0.5643999999761462,0.5805000000000007,0.5967999999523101,0.6139999999999901,0.6304999999999978,0.6472999999523097,0.6636999999284683,0.6807999999523133,0.69760000002384,0.7141000000238336,0.7306999999284756,0.7476000000238372,0.764199999928465,0.7809999999999917,0.7973999999761503,0.813899999976158,0.8307999999523048,0.8474999999999966,0.8638999999761552,0.8807999999523162,0.8971999999284748,0.9141999999284707,0.9306999999284642,0.9471999999284719,0.9639999999999986,0.9807999999523105,0.9974999999999881,1.014199999928465,1.0302999999523053,1.046999999999997]","[""polygon_submitbutton"",""polygon_submitbutton"",""polygon_submitbutton"",""polygon_submitbutton"",""polygon_submitbutton"",""polygon_submitbutton"",""polygon_submitbutton"",""polygon_submitbutton"",""polygon_submitbutton"",""polygon_submitbutton"",""polygon_submitbutton"",""polygon_submitbutton"",""polygon_submitbutton"",""polygon_submitbutton"",""polygon_submitbutton"",""polygon_submitbutton"",""polygon_submitbutton""]",35,0,35,0,1,0.160541729,5,alone,71.5,1.0496
,BON001,2023-12-18_12h42.25.408,willingness2pay,2023.2.2,Win32,59.65519298,uk,"[-0.021399543569148312,-0.021399543569148312,-0.021399543569148312,-0.0151514770164597,-0.0014058106841611997,0.004217432052483599,0.007966260543580132,0.011090322421216027,0.01608874134181701,0.017963155587365276,0.02296157450796626,0.026085636385602157,0.029209641060654875,0.029834464876698687,0.029834464876698687,0.029834464876698687,0.029834464876698687,0.029834464876698687,0.029834464876698687,0.029834464876698687,0.029209641060654875,0.029209641060654875,0.029209641060654875,0.022336807894505623,0.015463917525773196,0.01358950328022493,0.012964736666764292,0.012964736666764292,0.012964736666764292,0.012964736666764292,0.012964736666764292,0.012964736666764292,0.012964736666764292,0.012964736666764292,0.011090322421216027,0.001093427377430881,-0.013277062770911435,-0.022024367385192128,-0.029522024367385193,-0.03889409559512652,-0.04764134300682404,-0.052639761927425026,-0.05388940955951265,-0.05388940955951265,-0.05388940955951265,-0.05388940955951265,-0.05388940955951265,-0.05388940955951265,-0.05388940955951265,-0.05388940955951265,-0.05388940955951265,-0.05388940955951265,-0.05388940955951265,-0.05388940955951265,-0.05388940955951265,-0.05388940955951265,-0.05388940955951265,-0.052014995313964384,-0.04639175257731959,-0.04139327645413542,-0.032021205226394095,-0.026397962489749297,-0.019525129323600048,-0.012027472341406982,-0.009528234279814902,-0.009528234279814902,-0.012652296157450796,-0.015776300832503514,-0.01765071507805178,-0.02014995313964386,-0.018275538894095594,-0.011402648525363168,-0.007029053420805998,-0.004529815359213918,-0.004529815359213918,-0.004529815359213918,-0.004529815359213918,-0.004529815359213918,-0.004529815359213918,-0.004529815359213918,-0.004529815359213918,-0.004529815359213918,-0.004529815359213918]","[-0.4265854611168873,-0.4265854611168873,-0.4265854611168873,-0.40596690441585637,-0.36035613870665417,-0.33973758200562326,-0.3159950206295396,-0.3003748828491096,-0.2747579072274777,-0.2572633552014995,-0.225398313027179,-0.2004061612215909,-0.18478602344116096,-0.17666354264292408,-0.17541395221341963,-0.17541395221341963,-0.17416436178391517,-0.17416436178391517,-0.17416436178391517,-0.17416436178391517,-0.17416436178391517,-0.17353953796787136,-0.17353953796787136,-0.1635426429240862,-0.15104656702129218,-0.14542332428464738,-0.14167449579355085,-0.13855049111849813,-0.1379256673024543,-0.13605125305690605,-0.13605125305690605,-0.13605125305690605,-0.13605125305690605,-0.1348016626274016,-0.13355201499531397,-0.1260543580131209,-0.11730711060142339,-0.11168386786477859,-0.10606062512813379,-0.09981255857544517,-0.09169013497979148,-0.08856607310215557,-0.08794130648869494,-0.08794130648869494,-0.08794130648869494,-0.08794130648869494,-0.08794130648869494,-0.08794130648869494,-0.08794130648869494,-0.08794130648869494,-0.08794130648869494,-0.08794130648869494,-0.08794130648869494,-0.08794130648869494,-0.08794130648869494,-0.08794130648869494,-0.08856607310215557,-0.0891908969181994,-0.09418931583880037,-0.0979381443298969,-0.10731021555763824,-0.11355828211032686,-0.12480476758361644,-0.14479850046860357,-0.16166822867853795,-0.1891596757483013,-0.2104029990627929,-0.2316463795798676,-0.253514526710403,-0.2847548022712629,-0.30849736364734653,-0.3434864104967198,-0.3641049671977507,-0.38034992879422447,-0.39472041894256676,-0.4040924901703081,-0.4053420805998126,-0.4072164948453608,-0.4072164948453608,-0.4072164948453608,-0.4072164948453608,-0.4072164948453608,-0.4072164948453608]","[0,0,0,0,0,0,0,0,0,0,0,0,0,0,0,0,0,0,0,0,0,0,0,0,0,0,0,0,0,0,0,0,0,0,0,0,0,0,0,0,0,0,0,1,1,1,1,1,1,0,0,0,0,0,0,0,0,0,0,0,0,0,0,0,0,0,0,0,0,0,0,0,0,0,0,0,0,0,0,0,0,0,1]","[0,0,0,0,0,0,0,0,0,0,0,0,0,0,0,0,0,0,0,0,0,0,0,0,0,0,0,0,0,0,0,0,0,0,0,0,0,0,0,0,0,0,0,0,0,0,0,0,0,0,0,0,0,0,0,0,0,0,0,0,0,0,0,0,0,0,0,0,0,0,0,0,0,0,0,0,0,0,0,0,0,0,0]","[0,0,0,0,0,0,0,0,0,0,0,0,0,0,0,0,0,0,0,0,0,0,0,0,0,0,0,0,0,0,0,0,0,0,0,0,0,0,0,0,0,0,0,0,0,0,0,0,0,0,0,0,0,0,0,0,0,0,0,0,0,0,0,0,0,0,0,0,0,0,0,0,0,0,0,0,0,0,0,0,0,0,0]","[0.00009999990463427366,0.013699999928476814,0.03009999990463541,0.04719999992848045,0.06359999990462484,0.08069999992846988,0.0969999999999942,0.11379999995232026,0.13069999992846704,0.14700000000000557,0.16389999997615234,0.1806999999284784,0.19700000000000273,0.2138999999761637,0.23109999990462882,0.2469999999999999,0.2639999999999958,0.28019999992847033,0.29699999999999704,0.31369999992847397,0.33039999997615155,0.3471999999284776,0.36369999992847113,0.3802999999523138,0.39709999990462563,0.4137999999523174,0.4303999999761601,0.4468999999761536,0.46369999992847966,0.4802999999523223,0.49709999990463416,0.5136999999284768,0.5300999999046354,0.5471999999284805,0.5635999999046248,0.5805000000000007,0.6020000000000039,0.6140000000000043,0.6303999999761629,0.6471999999284748,0.6636999999284683,0.6803999999761601,0.6972999999523211,0.7136999999284797,0.7312999999523129,0.7469999999999999,0.7633999999761585,0.7805000000000035,0.7966999999284781,0.8135999999046248,0.8313999999761563,0.8469999999999942,0.8635000000000019,0.8803999999761629,0.8970999999046256,0.9137999999523174,0.9306999999284784,0.947099999904637,0.9639999999999986,0.9809999999999945,0.9971999999284691,1.01409999990463,1.0303999999761544,1.0474999999999994,1.0643999999761604,1.0803999999761515,1.0974999999999966,1.1140999999046386,1.1305999999046321,1.1473999999761588,1.1641999999284707,1.1805999999046293,1.197199999928472,1.2137999999523146,1.2304999999999922,1.2473999999761531,1.2636999999284768,1.2805999999046378,1.296999999999997,1.313699999928474,1.3302999999523166,1.3470999999046285,1.3637999999523203]","[""polygon_submitbutton"",""polygon_submitbutton"",""polygon_submitbutton"",""polygon_submitbutton"",""polygon_submitbutton"",""polygon_submitbutton"",""polygon_submitbutton"",""polygon_submitbutton"",""polygon_submitbutton"",""polygon_submitbutton"",""polygon_submitbutton"",""polygon_submitbutton"",""polygon_submitbutton"",""polygon_submitbutton""]",36,0,36,0,1,0.152784341,18,together,41.5,1.3666
,BON001,2023-12-18_12h42.25.408,willingness2pay,2023.2.2,Win32,59.65519298,uk,"[-0.0014058106841611997,-0.0026554011136656515,-0.0026554011136656515,-0.0026554011136656515,-0.0026554011136656515,-0.0026554011136656515,-0.0026554011136656515,-0.0026554011136656515,-0.0026554011136656515,-0.002030577297621837,-0.0014058106841611997,-0.0007809868681173852,-0.00015616305207357076,-0.00015616305207357076,-0.00015616305207357076,-0.00015616305207357076,-0.00015616305207357076,-0.00015616305207357076,-0.00015616305207357076,-0.00015616305207357076,-0.00015616305207357076,-0.00015616305207357076,-0.00015616305207357076,-0.00015616305207357076,-0.00015616305207357076,-0.00015616305207357076,-0.00015616305207357076,-0.00015616305207357076,-0.00015616305207357076,-0.00015616305207357076,-0.00015616305207357076,-0.00015616305207357076,-0.00015616305207357076,-0.00015616305207357076,-0.00015616305207357076,-0.00015616305207357076,-0.00015616305207357076,-0.00015616305207357076,-0.00015616305207357076,-0.00015616305207357076,0.001093427377430881,0.001093427377430881,0.0017182511934746953,0.002967841622979147,0.002967841622979147,0.002967841622979147,0.002967841622979147,0.002967841622979147,0.002967841622979147,0.002967841622979147,0.002967841622979147,0.002967841622979147,0.0023430178069353325,0.0023430178069353325,0.001093427377430881,0.00046860356138706655,-0.002030577297621837,-0.0032802249297094657,-0.0032802249297094657,-0.0032802249297094657,-0.0032802249297094657,-0.0032802249297094657]","[-0.1010622062075328,-0.09731337771643626,-0.09668855390039245,-0.09668855390039245,-0.09668855390039245,-0.09668855390039245,-0.09668855390039245,-0.09668855390039245,-0.095438963470888,-0.095438963470888,-0.09481413965484418,-0.09356454922533974,-0.09356454922533974,-0.09356454922533974,-0.09356454922533974,-0.09418931583880037,-0.09418931583880037,-0.095438963470888,-0.095438963470888,-0.095438963470888,-0.095438963470888,-0.095438963470888,-0.095438963470888,-0.095438963470888,-0.095438963470888,-0.095438963470888,-0.095438963470888,-0.095438963470888,-0.095438963470888,-0.095438963470888,-0.095438963470888,-0.095438963470888,-0.095438963470888,-0.095438963470888,-0.095438963470888,-0.095438963470888,-0.09668855390039245,-0.10293662045308107,-0.12542959139966026,-0.18103719495006443,-0.21477665136993324,-0.24101845080760895,-0.2822555642096708,-0.3072477732178421,-0.3272415061028292,-0.3459856485583119,-0.35160889129495665,-0.3572321340316015,-0.36285537676824625,-0.368478619504891,-0.38347393346927716,-0.39472041894256676,-0.4040924901703081,-0.41346456139804943,-0.41971262795073805,-0.4259606373008435,-0.44095595126522963,-0.4465791940018744,-0.4497032558795103,-0.4497032558795103,-0.4497032558795103,-0.4497032558795103]","[0,0,0,0,0,0,0,0,0,0,0,0,0,0,0,0,0,0,0,0,0,0,0,0,1,1,1,1,0,0,0,0,0,0,0,0,0,0,0,0,0,0,0,0,0,0,0,0,0,0,0,0,0,0,0,0,0,0,0,0,0,1]","[0,0,0,0,0,0,0,0,0,0,0,0,0,0,0,0,0,0,0,0,0,0,0,0,0,0,0,0,0,0,0,0,0,0,0,0,0,0,0,0,0,0,0,0,0,0,0,0,0,0,0,0,0,0,0,0,0,0,0,0,0,0]","[0,0,0,0,0,0,0,0,0,0,0,0,0,0,0,0,0,0,0,0,0,0,0,0,0,0,0,0,0,0,0,0,0,0,0,0,0,0,0,0,0,0,0,0,0,0,0,0,0,0,0,0,0,0,0,0,0,0,0,0,0,0]","[0.00010000002384913387,0.014100000023844927,0.030600000023838447,0.04689999997616212,0.0636000000238397,0.08010000002384743,0.09689999997615928,0.11350000000000193,0.13029999995231378,0.1467999999523215,0.16360000002384822,0.18029999995232515,0.19710000002383765,0.21349999999999625,0.23019999992847318,0.24710000002384902,0.2633999999761585,0.2803999999761544,0.2968999999761621,0.3136000000238397,0.3301999999284817,0.34660000002384095,0.36360000002385107,0.3802999999523138,0.3967999999523215,0.4148999999761571,0.4306999999284784,0.44700000000000273,0.46349999999999625,0.48119999992847795,0.49679999995231583,0.5136999999284768,0.5305000000000035,0.5486000000238391,0.5633999999761556,0.5801000000238474,0.5968999999761593,0.6140000000000043,0.6304999999999978,0.6468999999761564,0.6640000000000015,0.6805000000000092,0.6971000000238377,0.7138999999761637,0.7302999999523223,0.7469999999999999,0.7636999999284768,0.7803999999761544,0.796999999999997,0.813899999976158,0.8306000000238498,0.8473999999761617,0.8636999999284711,0.8803999999761629,0.8970000000000056,0.9136000000238482,0.9306000000238441,0.9463999999761654,0.964299999952317,0.9798999999761548,0.996899999976165,1.0136000000238425]","[""polygon_submitbutton"",""polygon_submitbutton"",""polygon_submitbutton"",""polygon_submitbutton"",""polygon_submitbutton"",""polygon_submitbutton"",""polygon_submitbutton"",""polygon_submitbutton"",""polygon_submitbutton"",""polygon_submitbutton"",""polygon_submitbutton"",""polygon_submitbutton""]",37,0,37,0,1,0.414590192,12,together,50,1.0165
,BON001,2023-12-18_12h42.25.408,willingness2pay,2023.2.2,Win32,59.65519298,uk,"[-0.002030577297621837,-0.0026554011136656515,-0.0026554011136656515,-0.0026554011136656515,-0.0026554011136656515,-0.0026554011136656515,-0.0026554011136656515,-0.0032802249297094657,-0.0032802249297094657,-0.0032802249297094657,-0.0032802249297094657,-0.004529815359213918,-0.004529815359213918,-0.004529815359213918,-0.004529815359213918,-0.004529815359213918,-0.004529815359213918,-0.004529815359213918,-0.004529815359213918,-0.004529815359213918,-0.004529815359213918,-0.004529815359213918,-0.004529815359213918,-0.003904991543170103,-0.0032802249297094657,-0.0032802249297094657,-0.002030577297621837,-0.0014058106841611997,-0.0014058106841611997,-0.0014058106841611997,-0.0007809868681173852,-0.0007809868681173852,-0.0007809868681173852,-0.0007809868681173852,-0.0007809868681173852,-0.0007809868681173852,-0.0007809868681173852,-0.0007809868681173852,-0.0007809868681173852,-0.0007809868681173852,-0.0007809868681173852,-0.0007809868681173852,-0.0007809868681173852,-0.0007809868681173852,-0.0007809868681173852,-0.0007809868681173852,-0.0007809868681173852,-0.0007809868681173852,-0.0007809868681173852,-0.0007809868681173852,-0.005154639175257732,-0.007653820034266635,-0.01077788191190253,-0.014526710402999063,-0.01640112464854733,-0.018275538894095594,-0.019525129323600048,-0.02014995313964386,-0.0207747197531045,-0.021399543569148312,-0.023898781630740395,-0.023898781630740395,-0.02452354824420103,-0.02452354824420103,-0.02452354824420103,-0.02452354824420103,-0.025148372060244846,-0.025148372060244846,-0.02577319587628866,-0.026397962489749297,-0.027022786305793113,-0.028897200551341377,-0.03139643861293346,-0.03327085285848173,-0.034520443287986174,-0.035145267104029994,-0.035145267104029994,-0.035145267104029994,-0.03577003371749063,-0.03577003371749063,-0.03577003371749063,-0.03577003371749063]","[-0.03233364573570759,-0.03670729804284794,-0.041080950349988286,-0.04295536459553655,-0.04482977884108482,-0.047953783516137535,-0.05295220243673852,-0.05670103092783505,-0.06294909748052366,-0.06669792597162019,-0.07357075913776945,-0.07919400187441425,-0.08106841611996252,-0.08294283036551078,-0.08294283036551078,-0.08294283036551078,-0.08419247799759841,-0.08419247799759841,-0.08419247799759841,-0.08419247799759841,-0.08419247799759841,-0.08419247799759841,-0.08419247799759841,-0.08481724461105905,-0.08544206842710286,-0.08606689224314668,-0.0866916588566073,-0.0866916588566073,-0.0866916588566073,-0.08794130648869494,-0.08856607310215557,-0.08856607310215557,-0.08981572073424321,-0.09044048734770384,-0.09044048734770384,-0.09044048734770384,-0.09044048734770384,-0.09044048734770384,-0.09044048734770384,-0.09044048734770384,-0.09044048734770384,-0.09044048734770384,-0.09044048734770384,-0.09044048734770384,-0.09044048734770384,-0.09044048734770384,-0.09044048734770384,-0.09044048734770384,-0.09044048734770384,-0.10293662045308107,-0.12730400564520852,-0.1460481481006912,-0.16541705716963448,-0.18791002811621368,-0.20228057546713918,-0.21540147518597705,-0.2197750702905342,-0.22289913216817012,-0.22977196533431934,-0.2397688603781045,-0.25788817901754335,-0.29475164011246485,-0.3159950206295396,-0.33536398690106606,-0.3441112343127636,-0.3497344770494084,-0.3584817244611059,-0.3616057863387418,-0.3647297910137945,-0.36910344332093487,-0.37222744799598756,-0.37910028116213684,-0.394095595126523,-0.4009684854952554,-0.40846614247744845,-0.41346456139804943,-0.41658856607310213,-0.41658856607310213,-0.41721338988914597,-0.4178382137051898,-0.4178382137051898,-0.4178382137051898]","[0,0,0,0,0,0,0,0,0,0,0,0,0,0,0,0,0,0,0,0,0,0,0,0,0,0,0,0,0,0,0,0,0,0,0,0,1,1,1,1,0,0,0,0,0,0,0,0,0,0,0,0,0,0,0,0,0,0,0,0,0,0,0,0,0,0,0,0,0,0,0,0,0,0,0,0,0,0,0,0,0,1]","[0,0,0,0,0,0,0,0,0,0,0,0,0,0,0,0,0,0,0,0,0,0,0,0,0,0,0,0,0,0,0,0,0,0,0,0,0,0,0,0,0,0,0,0,0,0,0,0,0,0,0,0,0,0,0,0,0,0,0,0,0,0,0,0,0,0,0,0,0,0,0,0,0,0,0,0,0,0,0,0,0,0]","[0,0,0,0,0,0,0,0,0,0,0,0,0,0,0,0,0,0,0,0,0,0,0,0,0,0,0,0,0,0,0,0,0,0,0,0,0,0,0,0,0,0,0,0,0,0,0,0,0,0,0,0,0,0,0,0,0,0,0,0,0,0,0,0,0,0,0,0,0,0,0,0,0,0,0,0,0,0,0,0,0,0]","[0,0.014000000000010004,0.030500000000003524,0.04749999999999943,0.06400000000000716,0.08060000002384982,0.09729999995232674,0.11400000000000432,0.13069999992848125,0.14760000002384288,0.16389999997616655,0.1806999999284784,0.19719999992847193,0.21379999995231458,0.23050000000000637,0.24689999997616496,0.26379999995232595,0.2805000000000035,0.2972999999523154,0.31369999992847397,0.3305000000000007,0.34710000002384334,0.3638999999761694,0.380600000023847,0.3971000000238405,0.4141999999284849,0.43079999995232754,0.4538999999761586,0.4636000000238454,0.48069999992847556,0.4972999999523182,0.513799999952326,0.5303999999761686,0.5472999999523154,0.563899999976158,0.5802999999523166,0.5971999999284776,0.6151999999284783,0.6306999999284812,0.6471000000238405,0.6636000000238482,0.6807999999523275,0.6971999999284719,0.7136000000238454,0.7306999999284756,0.7471999999284833,0.7636999999284768,0.7805000000000035,0.7972999999523154,0.8137999999523231,0.8308999999761681,0.8475000000000108,0.8640000000000043,0.8804999999999978,0.8971000000238405,0.9136999999284825,0.9307999999523275,0.9471000000238519,0.964199999928482,0.9808999999761596,0.9973999999761674,1.014100000023845,1.031000000000006,1.0472999999523154,1.0641999999284764,1.0811000000238522,1.0971000000238433,1.1141999999284735,1.1307999999523162,1.1473999999761588,1.1641999999284849,1.1805000000000092,1.197399999976156,1.214199999928482,1.2306000000238413,1.2475000000000023,1.2641999999284792,1.2805000000000035,1.2973999999761645,1.3140000000000072,1.3305000000000007,1.3471000000238433]","[""polygon_submitbutton"",""polygon_submitbutton"",""polygon_submitbutton"",""polygon_submitbutton"",""polygon_submitbutton"",""polygon_submitbutton"",""polygon_submitbutton"",""polygon_submitbutton"",""polygon_submitbutton"",""polygon_submitbutton"",""polygon_submitbutton"",""polygon_submitbutton""]",38,0,38,0,1,0.567828493,8,together,50,1.3498
,BON001,2023-12-18_12h42.25.408,willingness2pay,2023.2.2,Win32,59.65519298,uk,"[-0.03577003371749063,-0.03577003371749063,-0.03577003371749063,-0.03577003371749063,-0.03577003371749063,-0.025148372060244846,-0.012652296157450796,-0.009528234279814902,-0.005154639175257732,0.00046860356138706655,0.0035926654390229617,0.0067166701140756796,0.011090322421216027,0.01358950328022493,0.014214327096268744,0.014214327096268744,0.014214327096268744,0.014214327096268744,0.014214327096268744,0.014214327096268744,0.014214327096268744,0.014214327096268744,0.014214327096268744,0.012964736666764292,0.012339912850720478,0.012339912850720478,0.012339912850720478,0.011090322421216027,0.011090322421216027,0.011090322421216027,0.007966260543580132,-0.00015616305207357076,-0.0007809868681173852,-0.0007809868681173852,-0.0007809868681173852,-0.0007809868681173852,-0.0007809868681173852,-0.0007809868681173852,-0.0007809868681173852,-0.0007809868681173852,-0.0007809868681173852,-0.0007809868681173852,-0.0007809868681173852,-0.0007809868681173852,-0.0007809868681173852,-0.0007809868681173852,-0.0014058106841611997,-0.0014058106841611997,-0.0014058106841611997,-0.0014058106841611997,-0.0014058106841611997,-0.0014058106841611997,-0.0014058106841611997,-0.0014058106841611997,-0.0014058106841611997,-0.0014058106841611997,-0.0014058106841611997,-0.0014058106841611997,-0.0014058106841611997,-0.0014058106841611997,-0.0014058106841611997,-0.0014058106841611997,-0.0014058106841611997,-0.0014058106841611997,-0.0032802249297094657,-0.011402648525363168,-0.01640112464854733,-0.022024367385192128,-0.025148372060244846,-0.027022786305793113,-0.028897200551341377,-0.029522024367385193,-0.030146790980845828,-0.032021205226394095,-0.032021205226394095,-0.032021205226394095,-0.032021205226394095,-0.032021205226394095,-0.032021205226394095,-0.03139643861293346,-0.03139643861293346,-0.03139643861293346,-0.03139643861293346,-0.03139643861293346,-0.03139643861293346,-0.03139643861293346,-0.03139643861293346,-0.030771614796889644]","[-0.4178382137051898,-0.4178382137051898,-0.4178382137051898,-0.4178382137051898,-0.4178382137051898,-0.3634802005842901,-0.299750116235649,-0.27850673571857426,-0.25538894095595127,-0.2285223749048149,-0.21352706094042878,-0.19665733273049438,-0.17603877602946344,-0.16729147141518275,-0.1629178763106256,-0.16229305249458176,-0.16229305249458176,-0.16104346206507733,-0.16104346206507733,-0.16104346206507733,-0.16104346206507733,-0.16104346206507733,-0.16104346206507733,-0.16104346206507733,-0.16104346206507733,-0.16104346206507733,-0.16104346206507733,-0.16104346206507733,-0.16041863824903352,-0.16041863824903352,-0.14792256234623946,-0.11730711060142339,-0.11418310592637067,-0.11355828211032686,-0.11355828211032686,-0.11355828211032686,-0.11355828211032686,-0.11355828211032686,-0.11355828211032686,-0.11355828211032686,-0.11355828211032686,-0.1123086916808224,-0.1123086916808224,-0.1123086916808224,-0.11168386786477859,-0.11168386786477859,-0.11043427743527413,-0.11043427743527413,-0.10980945361923032,-0.10980945361923032,-0.10918462980318651,-0.10918462980318651,-0.10918462980318651,-0.10918462980318651,-0.10918462980318651,-0.10918462980318651,-0.10918462980318651,-0.10918462980318651,-0.10918462980318651,-0.10918462980318651,-0.10918462980318651,-0.10918462980318651,-0.10918462980318651,-0.12417994376757263,-0.15542021932843253,-0.21290223712438497,-0.24914093160584583,-0.2953764639285087,-0.3184942586911317,-0.3434864104967198,-0.35410812935654873,-0.36285537676824625,-0.37472668605757964,-0.389097176205922,-0.394095595126523,-0.39721965700415884,-0.3978444236176195,-0.3978444236176195,-0.4009684854952554,-0.4072164948453608,-0.41533897564359773,-0.4190878041346942,-0.42033739456419866,-0.42033739456419866,-0.42033739456419866,-0.42033739456419866,-0.42033739456419866,-0.4209622183802425]","[0,0,0,0,0,0,0,0,0,0,0,0,0,0,0,0,0,0,0,0,0,0,0,0,0,0,0,0,0,0,0,0,0,0,0,0,0,0,0,0,0,0,0,0,0,0,0,0,0,0,1,1,1,1,1,1,0,0,0,0,0,0,0,0,0,0,0,0,0,0,0,0,0,0,0,0,0,0,0,0,0,0,0,0,0,0,0,1]","[0,0,0,0,0,0,0,0,0,0,0,0,0,0,0,0,0,0,0,0,0,0,0,0,0,0,0,0,0,0,0,0,0,0,0,0,0,0,0,0,0,0,0,0,0,0,0,0,0,0,0,0,0,0,0,0,0,0,0,0,0,0,0,0,0,0,0,0,0,0,0,0,0,0,0,0,0,0,0,0,0,0,0,0,0,0,0,0]","[0,0,0,0,0,0,0,0,0,0,0,0,0,0,0,0,0,0,0,0,0,0,0,0,0,0,0,0,0,0,0,0,0,0,0,0,0,0,0,0,0,0,0,0,0,0,0,0,0,0,0,0,0,0,0,0,0,0,0,0,0,0,0,0,0,0,0,0,0,0,0,0,0,0,0,0,0,0,0,0,0,0,0,0,0,0,0,0]","[0.00010000002383492301,0.01389999997614666,0.03119999992847511,0.047299999952315375,0.06389999997615803,0.0807999999523048,0.0971999999284634,0.11419999992847352,0.13079999995231617,0.14769999992846294,0.16399999999998727,0.1806999999284642,0.19760000002384004,0.21429999995231697,0.23069999992846135,0.24739999997615314,0.2634999999999934,0.2808999999761568,0.29719999992846624,0.31419999992846215,0.3306000000238356,0.3471999999284634,0.36360000002383686,0.3810000000000002,0.39749999999999375,0.4137999999523032,0.4306999999284642,0.4471999999284719,0.46419999992846783,0.48039999997615723,0.4971999999284691,0.514199999928465,0.5309999999999917,0.5472999999523154,0.563899999976158,0.5806000000238356,0.5972999999523125,0.6139999999999901,0.6304999999999978,0.6471999999284748,0.6638999999761523,0.6806999999284642,0.6971000000238377,0.7139999999999986,0.7306000000238413,0.7471000000238348,0.764199999928465,0.7801999999284703,0.7976000000238344,0.8137999999523089,0.8303999999761515,0.8478999999761498,0.8642999999523084,0.8804999999999978,0.8971999999284748,0.9136999999284683,0.930499999999995,0.9477999999523092,0.9639999999999986,0.9806000000238413,0.9971999999284691,1.0138999999761467,1.0307999999523076,1.0472999999523154,1.0641999999284621,1.080899999976154,1.0972999999523125,1.1143999999761576,1.130899999976151,1.1472999999523097,1.1644999999999897,1.1807999999523133,1.197399999976156,1.214399999976152,1.2311999999284637,1.247199999928469,1.264199999928465,1.2804999999999893,1.2973999999761503,1.314100000023842,1.3305000000000007,1.3473999999761475,1.3642999999523084,1.3804999999999978,1.3972999999523097,1.4137999999523032,1.43060000002383,1.447199999928472]","[""polygon_submitbutton"",""polygon_submitbutton"",""polygon_submitbutton"",""polygon_submitbutton"",""polygon_submitbutton"",""polygon_submitbutton"",""polygon_submitbutton"",""polygon_submitbutton"",""polygon_submitbutton"",""polygon_submitbutton"",""polygon_submitbutton"",""polygon_submitbutton"",""polygon_submitbutton"",""polygon_submitbutton"",""polygon_submitbutton"",""polygon_submitbutton"",""polygon_submitbutton"",""polygon_submitbutton"",""polygon_submitbutton"",""polygon_submitbutton"",""polygon_submitbutton""]",39,0,39,0,1,0.115424666,1,together,50,1.4497
,BON001,2023-12-18_12h42.25.408,willingness2pay,2023.2.2,Win32,59.65519298,uk,"[0.007966260543580132,0.009840674789128397,0.014214327096268744,0.019212746016869727,0.02421122214005389,0.026710402999062792,0.02858481724461106,0.03170887912224695,0.032958469551751406,0.032958469551751406,0.03358329336779522,0.03420805998125586,0.03420805998125586,0.03608247422680412,0.04170571696344892,0.06419868791002811,0.07107157827876054,0.07357075913776945,0.07357075913776945,0.07357075913776945,0.07357075913776945,0.07482040676985707,0.07482040676985707,0.07482040676985707,0.07482040676985707,0.07482040676985707,0.07482040676985707,0.07482040676985707,0.07482040676985707,0.08231806375205014,0.08419247799759841,0.08419247799759841,0.08481724461105905,0.08481724461105905,0.08481724461105905,0.08481724461105905,0.0835676541815546,0.08169323993600633,0.07544517338331772,0.06982193064667291,0.054826616682286784,0.041080950349988286,0.02546081256955834,0.0054670796845712275,0.00046860356138706655,-0.005779405788718369,-0.007653820034266635,-0.012027472341406982,-0.018900305507556232,-0.022649133998652763,-0.02577319587628866,-0.027647610121836926,-0.028272376735297564,-0.028897200551341377,-0.028897200551341377,-0.028897200551341377,-0.028897200551341377,-0.028897200551341377,-0.028897200551341377]","[-0.17478912839737581,-0.17104029990627928,-0.16479229055617386,-0.15479539551238872,-0.1485473289597001,-0.14542332428464738,-0.1429240862230553,-0.13980008154800258,-0.1379256673024543,-0.1379256673024543,-0.1373008434864105,-0.1373008434864105,-0.1373008434864105,-0.1373008434864105,-0.1348016626274016,-0.12792877225866917,-0.12542959139966026,-0.12480476758361644,-0.12480476758361644,-0.12480476758361644,-0.12480476758361644,-0.12480476758361644,-0.12480476758361644,-0.12480476758361644,-0.12480476758361644,-0.12480476758361644,-0.12480476758361644,-0.12480476758361644,-0.12480476758361644,-0.12480476758361644,-0.12480476758361644,-0.12480476758361644,-0.12480476758361644,-0.12480476758361644,-0.12480476758361644,-0.12480476758361644,-0.12542959139966026,-0.12730400564520852,-0.1373008434864105,-0.14729773853019565,-0.17478912839737581,-0.20103092783505155,-0.23039678915036316,-0.276632321473026,-0.2985004686035614,-0.32911592034837744,-0.35160889129495665,-0.37410186224153585,-0.4034676663542643,-0.4190878041346942,-0.42845987536243557,-0.4353327085285848,-0.4372071227741331,-0.4378319465901769,-0.4378319465901769,-0.4378319465901769,-0.4378319465901769,-0.4378319465901769,-0.4378319465901769]","[0,0,0,0,0,0,0,0,0,0,0,0,0,0,0,0,0,0,0,0,0,0,1,1,1,0,0,0,0,0,0,0,0,0,0,0,0,0,0,0,0,0,0,0,0,0,0,0,0,0,0,0,0,0,0,0,0,0,1]","[0,0,0,0,0,0,0,0,0,0,0,0,0,0,0,0,0,0,0,0,0,0,0,0,0,0,0,0,0,0,0,0,0,0,0,0,0,0,0,0,0,0,0,0,0,0,0,0,0,0,0,0,0,0,0,0,0,0,0]","[0,0,0,0,0,0,0,0,0,0,0,0,0,0,0,0,0,0,0,0,0,0,0,0,0,0,0,0,0,0,0,0,0,0,0,0,0,0,0,0,0,0,0,0,0,0,0,0,0,0,0,0,0,0,0,0,0,0,0]","[0,0.01359999990462768,0.0300999999046212,0.04719999992846624,0.06359999990462484,0.08019999992846749,0.09679999995231015,0.1133999999761528,0.13049999999999784,0.14659999990462325,0.1636999999284683,0.18009999990462688,0.19650000000000034,0.21359999990463052,0.23039999997615723,0.24689999997615075,0.2636999999284626,0.28019999992847033,0.29659999990462893,0.31309999990462245,0.3301999999284675,0.346699999928461,0.3633999999761528,0.3805999999046321,0.39709999990462563,0.41339999997614996,0.4306999999284642,0.4468999999761536,0.46349999999999625,0.4802999999523081,0.4971999999284691,0.5131999999284744,0.5300999999046212,0.5468999999761479,0.5634999999999906,0.5798999999761492,0.5969999999999942,0.613799999952306,0.6301999999284646,0.6472999999523097,0.6637999999523032,0.680499999999995,0.6967999999523045,0.7135999999046305,0.7301999999284732,0.7466999999284667,0.7634999999999934,0.7802999999523053,0.7966999999284639,0.8133999999761556,0.8304999999999865,0.8467999999523101,0.8638999999761552,0.8802999999523138,0.8965999999046232,0.91339999997615,0.9298999999761577,0.9463999999761512,0.9629999999999939]","[""polygon_submitbutton"",""polygon_submitbutton"",""polygon_submitbutton"",""polygon_submitbutton"",""polygon_submitbutton"",""polygon_submitbutton"",""polygon_submitbutton"",""polygon_submitbutton"",""polygon_submitbutton"",""polygon_submitbutton"",""polygon_submitbutton"",""polygon_submitbutton""]",40,0,40,0,1,0.614144838,21,together,61.5,0.9658
,BON001,2023-12-18_12h42.25.408,willingness2pay,2023.2.2,Win32,59.65519298,uk,"[-0.0207747197531045,-0.015776300832503514,-0.015776300832503514,-0.019525129323600048,-0.02452354824420103,-0.028897200551341377,-0.03264602904243791,-0.037019681349578254,-0.042642924086223055,-0.05326458574346884,-0.06263665697121017,-0.07513273287400422,-0.07950638518114457,-0.08200562324273665,-0.08263038985619728,-0.08325521367224109,-0.08325521367224109,-0.08325521367224109,-0.08325521367224109,-0.08325521367224109,-0.08450480410174555,-0.08450480410174555,-0.08512962791778936,-0.08637921834729381,-0.09762570382058341,-0.12511715089034678,-0.131989984056496,-0.13386439830204427,-0.1344892221180881,-0.1344892221180881,-0.1344892221180881,-0.13511398873154873,-0.13511398873154873,-0.13511398873154873,-0.13511398873154873,-0.13511398873154873,-0.13511398873154873,-0.13511398873154873,-0.13511398873154873,-0.13511398873154873,-0.13511398873154873,-0.13511398873154873,-0.13511398873154873,-0.13511398873154873,-0.13323957448600046,-0.1257419175038074,-0.11949390815370196,-0.11074660353942127,-0.10199935612772376,-0.09075287065443416,-0.07888156136510074,-0.057638238050609185,-0.040143686024630976,-0.035145267104029994,-0.035145267104029994,-0.035145267104029994,-0.03639485753353444,-0.03826927177908271,-0.03889409559512652,-0.040143686024630976,-0.040143686024630976,-0.040143686024630976,-0.040143686024630976,-0.040143686024630976,-0.040143686024630976,-0.040143686024630976,-0.040143686024630976,-0.040143686024630976]","[-0.40846614247744845,-0.3847235238987816,-0.355982543602097,-0.31474543020003515,-0.2935020496829604,-0.28038114996412256,-0.26413624557023196,-0.25538894095595127,-0.24664169354425375,-0.225398313027179,-0.2047797563261481,-0.1722899475383669,-0.15916904781952906,-0.15479539551238872,-0.15292098126684045,-0.15229615745079664,-0.15229615745079664,-0.151671390837336,-0.151671390837336,-0.15104656702129218,-0.15104656702129218,-0.15104656702129218,-0.15104656702129218,-0.14979697659178773,-0.13855049111849813,-0.10418621088258552,-0.09668855390039245,-0.09481413965484418,-0.09356454922533974,-0.09356454922533974,-0.09356454922533974,-0.09356454922533974,-0.09356454922533974,-0.09356454922533974,-0.09356454922533974,-0.09356454922533974,-0.09356454922533974,-0.09356454922533974,-0.09356454922533974,-0.09356454922533974,-0.09356454922533974,-0.09356454922533974,-0.09356454922533974,-0.09356454922533974,-0.10418621088258552,-0.1323024245658095,-0.1541705716963449,-0.17541395221341963,-0.18978444236176195,-0.20727899438774017,-0.2285223749048149,-0.27163390255242503,-0.3191190253045923,-0.33973758200562326,-0.355982543602097,-0.368478619504891,-0.384098757285321,-0.3934708285130623,-0.4090909090909091,-0.41658856607310213,-0.42471104687133904,-0.42908469917847936,-0.42970946579194,-0.42970946579194,-0.42970946579194,-0.42970946579194,-0.42970946579194,-0.42970946579194]","[0,0,0,0,0,0,0,0,0,0,0,0,0,0,0,0,0,0,0,0,0,0,0,0,0,0,0,0,0,0,0,0,0,1,1,1,1,1,0,0,0,0,0,0,0,0,0,0,0,0,0,0,0,0,0,0,0,0,0,0,0,0,0,0,0,0,0,1]","[0,0,0,0,0,0,0,0,0,0,0,0,0,0,0,0,0,0,0,0,0,0,0,0,0,0,0,0,0,0,0,0,0,0,0,0,0,0,0,0,0,0,0,0,0,0,0,0,0,0,0,0,0,0,0,0,0,0,0,0,0,0,0,0,0,0,0,0]","[0,0,0,0,0,0,0,0,0,0,0,0,0,0,0,0,0,0,0,0,0,0,0,0,0,0,0,0,0,0,0,0,0,0,0,0,0,0,0,0,0,0,0,0,0,0,0,0,0,0,0,0,0,0,0,0,0,0,0,0,0,0,0,0,0,0,0,0]","[0,0.01330000007152421,0.029700000047682806,0.04660000002382958,0.06340000009535629,0.07970000004767996,0.09670000004767587,0.1132000000476836,0.12970000004767712,0.1466000000238381,0.16330000007151568,0.1798000000715234,0.19690000009535424,0.21330000007151284,0.22980000007152057,0.24670000004768156,0.262999999999991,0.2799999999999869,0.29649999999999466,0.31320000004767223,0.3301000000238332,0.3462000000476735,0.36299999999999955,0.3799000000953612,0.3966000000238381,0.413600000023834,0.42990000009535834,0.44690000009535424,0.46299999999999386,0.47999999999998977,0.4963000000715141,0.5132000000476751,0.5296000000238337,0.5463000000715255,0.5636000000238397,0.5798000000715149,0.5962000000476735,0.6131000000238345,0.6304000000953636,0.646700000047673,0.6628000000715133,0.679100000023837,0.6967000000476844,0.7129999999999939,0.7314999999999969,0.7469000000953656,0.7634000000953591,0.7799000000953669,0.7968000000715136,0.8131000000238373,0.8299999999999983,0.846600000023841,0.8632000000476836,0.8798000000715263,0.8969999999999914,0.9132000000476808,0.9302000000476767,0.9466000000238353,0.9633000000715128,0.9799999999999898,0.9969000000953656,1.0131000000238402,1.030200000047671,1.0464999999999947,1.064100000023842,1.079900000095364,1.0962000000476735,1.1129999999999995]","[""polygon_submitbutton"",""polygon_submitbutton"",""polygon_submitbutton"",""polygon_submitbutton"",""polygon_submitbutton"",""polygon_submitbutton"",""polygon_submitbutton"",""polygon_submitbutton"",""polygon_submitbutton"",""polygon_submitbutton"",""polygon_submitbutton"",""polygon_submitbutton"",""polygon_submitbutton"",""polygon_submitbutton""]",41,0,41,0,1,0.164297553,17,together,29,1.116
,BON001,2023-12-18_12h42.25.408,willingness2pay,2023.2.2,Win32,59.65519298,uk,"[0.02421122214005389,0.03858171228839621,0.054826616682286784,0.06419868791002811,0.0729459925243088,0.08481724461105905,0.09044048734770384,0.09356454922533974,0.09481413965484418,0.09481413965484418,0.09481413965484418,0.09481413965484418,0.09668855390039245,0.10980945361923032,0.11418310592637067,0.11543269635587512,0.11605752017191893,0.11605752017191893,0.11668228678537956,0.1179319344174672,0.12417994376757263,0.12792877225866917,0.1323024245658095,0.13292724838185332,0.13292724838185332,0.13292724838185332,0.13292724838185332,0.13292724838185332,0.13292724838185332,0.13292724838185332,0.13292724838185332,0.13292724838185332,0.13292724838185332,0.1260543580131209,0.09918779196198453,0.06544833554211575,0.05357702625278234,0.006091846298031865,-0.032021205226394095,-0.049515757252372304,-0.06763507589181116,-0.08512962791778936,-0.09075287065443416,-0.09262728489998243,-0.09387687532948688,-0.09137769447047797,-0.08825363259284208,-0.08263038985619728,-0.0776319709355963,-0.07450796626054358,-0.0720087281989515,-0.07075913776944705,-0.06950949013735942,-0.06576066164626289,-0.06263665697121017,-0.06138706654170572]","[-0.2660106598157802,-0.2310215557638238,-0.19603250891445057,-0.1772883664589679,-0.16479229055617386,-0.14917215277574392,-0.13917525773195877,-0.13417683881135778,-0.13105283413630506,-0.13042801032026125,-0.13042801032026125,-0.1291784198907568,-0.12730400564520852,-0.09918779196198453,-0.09169013497979148,-0.09044048734770384,-0.08981572073424321,-0.08981572073424321,-0.0891908969181994,-0.08856607310215557,-0.08856607310215557,-0.0891908969181994,-0.09169013497979148,-0.09169013497979148,-0.09169013497979148,-0.09169013497979148,-0.09169013497979148,-0.09169013497979148,-0.09169013497979148,-0.09169013497979148,-0.09169013497979148,-0.09169013497979148,-0.09169013497979148,-0.10168697282099344,-0.12980318650421743,-0.15354580508288426,-0.16041863824903352,-0.1829116091956127,-0.20165575165109537,-0.21540147518597705,-0.23289597000937207,-0.2597625932630916,-0.276632321473026,-0.2885036307623594,-0.3072477732178421,-0.3203686729366799,-0.33723840114661435,-0.368478619504891,-0.3828491096532334,-0.3897220000219658,-0.39472041894256676,-0.39659483318811506,-0.3984692474336633,-0.40596690441585637,-0.4115901471525012,-0.4140893852140933]","[0,0,0,0,0,0,0,0,0,0,0,0,0,0,0,0,0,0,0,0,0,0,0,0,1,1,1,1,0,0,0,0,0,0,0,0,0,0,0,0,0,0,0,0,0,0,0,0,0,0,0,0,0,0,0,1]","[0,0,0,0,0,0,0,0,0,0,0,0,0,0,0,0,0,0,0,0,0,0,0,0,0,0,0,0,0,0,0,0,0,0,0,0,0,0,0,0,0,0,0,0,0,0,0,0,0,0,0,0,0,0,0,0]","[0,0,0,0,0,0,0,0,0,0,0,0,0,0,0,0,0,0,0,0,0,0,0,0,0,0,0,0,0,0,0,0,0,0,0,0,0,0,0,0,0,0,0,0,0,0,0,0,0,0,0,0,0,0,0,0]","[0,0.013699999928476814,0.030299999952319467,0.04719999992848045,0.06409999990464144,0.08029999995231663,0.09719999992847761,0.11389999997615519,0.13049999999999784,0.1518999999761661,0.16359999990463336,0.18039999997616007,0.197099999904637,0.21379999995231458,0.2302999999523223,0.24729999995231822,0.2635999999046419,0.2803999999761686,0.2970999999046313,0.31369999992847397,0.3305000000000007,0.3470999999046427,0.36350000000000193,0.3808999999761653,0.3967999999523215,0.4148999999761571,0.4305000000000092,0.4468999999761678,0.4635999999046305,0.481099999904643,0.49689999997616496,0.5135999999046419,0.5302999999523195,0.5473999999761645,0.5637999999523231,0.5802999999523166,0.5970999999046427,0.6140999999046386,0.6305999999046321,0.6472999999523239,0.6637999999523174,0.6802999999523252,0.6975999999046394,0.7137999999523146,0.7306999999284756,0.7473999999761674,0.7636999999284768,0.7805000000000035,0.796999999999997,0.813899999976158,0.8303999999761658,0.8471999999284776,0.8637999999523203,0.8802999999523138,0.8970999999046398,0.9135999999046334]","[""polygon_submitbutton"",""polygon_submitbutton"",""polygon_submitbutton"",""polygon_submitbutton"",""polygon_submitbutton"",""polygon_submitbutton"",""polygon_submitbutton"",""polygon_submitbutton""]",42,0,42,0,1,0.229185896,24,alone,70.5,0.9163
,BON001,2023-12-18_12h42.25.408,willingness2pay,2023.2.2,Win32,59.65519298,uk,"[-0.04889093343632849,-0.052014995313964384,-0.05951265229615745,-0.06388624740071462,-0.07075913776944705,-0.07950638518114457,-0.08450480410174555,-0.08887845640888589,-0.09325210871602624,-0.09700093720712277,-0.10449859418931584,-0.11636984627606607,-0.1257419175038074,-0.13511398873154873,-0.13886281722264526,-0.14136205528423734,-0.1432364695297856,-0.1432364695297856,-0.14448605995929006,-0.14511088377533388,-0.14511088377533388,-0.14636047420483833,-0.14698529802088214,-0.14761012183692596,-0.1482348884503866,-0.1482348884503866,-0.1482348884503866,-0.1482348884503866,-0.1482348884503866,-0.1482348884503866,-0.1482348884503866,-0.1482348884503866,-0.1482348884503866,-0.1482348884503866,-0.1482348884503866,-0.1482348884503866,-0.1482348884503866,-0.1482348884503866,-0.14761012183692596,-0.14636047420483833,-0.14386129334582942,-0.14198687910028115,-0.14073723146819353,-0.13948764103868908,-0.13886281722264526,-0.136988402977097,-0.12949074599490393,-0.09825052763662723,-0.08450480410174555,-0.07325831862845596,-0.05076534768187676,-0.03577003371749063,-0.021399543569148312,-0.00827864385031045,-0.006404229604762184,-0.004529815359213918,-0.004529815359213918,-0.003904991543170103,-0.003904991543170103,-0.003904991543170103,-0.0032802249297094657,-0.0014058106841611997,-0.0014058106841611997]","[-0.3441112343127636,-0.31786943487508784,-0.276632321473026,-0.2566385885880389,-0.24101845080760895,-0.220399894106578,-0.20977823244933225,-0.20228057546713918,-0.19603250891445057,-0.1891596757483013,-0.18041237113402062,-0.16479229055617386,-0.15542021932843253,-0.1429240862230553,-0.1379256673024543,-0.13417683881135778,-0.1323024245658095,-0.1323024245658095,-0.1316776007497657,-0.13105283413630506,-0.13105283413630506,-0.13042801032026125,-0.12980318650421743,-0.1291784198907568,-0.12855359607471298,-0.12855359607471298,-0.12855359607471298,-0.12855359607471298,-0.12855359607471298,-0.12855359607471298,-0.12855359607471298,-0.12855359607471298,-0.12855359607471298,-0.12855359607471298,-0.12855359607471298,-0.12855359607471298,-0.12855359607471298,-0.12855359607471298,-0.12792877225866917,-0.12730400564520852,-0.12542959139966026,-0.12480476758361644,-0.12417994376757263,-0.12417994376757263,-0.12417994376757263,-0.1291784198907568,-0.15042174320524837,-0.23352079382541588,-0.27538273104352157,-0.3072477732178421,-0.34848488661990396,-0.3759762764870841,-0.39721965700415884,-0.41346456139804943,-0.41533897564359773,-0.4159637994596415,-0.4159637994596415,-0.4159637994596415,-0.4159637994596415,-0.4178382137051898,-0.42221180880974696,-0.42845987536243557,-0.42845987536243557]","[0,0,0,0,0,0,0,0,0,0,0,0,0,0,0,0,0,0,0,0,0,0,0,0,0,1,1,1,1,1,1,0,0,0,0,0,0,0,0,0,0,0,0,0,0,0,0,0,0,0,0,0,0,0,0,0,0,0,0,0,0,0,1]","[0,0,0,0,0,0,0,0,0,0,0,0,0,0,0,0,0,0,0,0,0,0,0,0,0,0,0,0,0,0,0,0,0,0,0,0,0,0,0,0,0,0,0,0,0,0,0,0,0,0,0,0,0,0,0,0,0,0,0,0,0,0,0]","[0,0,0,0,0,0,0,0,0,0,0,0,0,0,0,0,0,0,0,0,0,0,0,0,0,0,0,0,0,0,0,0,0,0,0,0,0,0,0,0,0,0,0,0,0,0,0,0,0,0,0,0,0,0,0,0,0,0,0,0,0,0,0]","[0.00010000002384913387,0.013999999999995794,0.03070000004768758,0.047600000023848565,0.06430000007152614,0.08070000004768474,0.09749999999999659,0.11400000000000432,0.13090000009536595,0.14770000004769201,0.16400000000000148,0.180499999999995,0.1973000000715217,0.21380000007152944,0.2306000000238413,0.247400000095368,0.26420000004767985,0.28060000002383845,0.2972000000476811,0.31380000007152375,0.3306000000238498,0.3474000000953623,0.36410000002383924,0.3807000000476819,0.3972000000476896,0.41370000004768315,0.4339999999999975,0.44740000009537084,0.46390000009536436,0.4806000000238413,0.49720000004768394,0.5139000000953757,0.5313000000715249,0.5476000000238486,0.5641000000238421,0.5808000000715339,0.5974000000953623,0.6141000000238392,0.6322000000476891,0.6473000000715246,0.6638000000715323,0.6808000000715282,0.6977000000476892,0.714500000000001,0.7309000000953745,0.7478000000715213,0.7642000000476799,0.7809000000953716,0.7978000000715326,0.8140000000000072,0.8308000000715339,0.8477000000476806,0.8643000000715233,0.880800000071531,0.897500000000008,0.9143000000715205,0.9306000000238441,0.94760000002384,0.9641000000238478,0.9809999999999945,0.9978000000715213,1.014300000071529,1.0305000000000035]","[""polygon_submitbutton"",""polygon_submitbutton"",""polygon_submitbutton"",""polygon_submitbutton"",""polygon_submitbutton"",""polygon_submitbutton"",""polygon_submitbutton"",""polygon_submitbutton"",""polygon_submitbutton"",""polygon_submitbutton"",""polygon_submitbutton"",""polygon_submitbutton""]",43,0,43,0,1,0.279535302,11,alone,27,1.0332
,BON001,2023-12-18_12h42.25.408,willingness2pay,2023.2.2,Win32,59.65519298,uk,"[0.13105283413630506,0.1404249053640464,0.14667291471415184,0.15104656702129218,0.15479539551238872,0.15854422400348525,0.16541705716963448,0.16979076667935802,0.1722899475383669,0.17291471415182755,0.17416436178391517,0.17478912839737581,0.17603877602946344,0.17978760452055997,0.18728526150275304,0.18978444236176195,0.19165885660731022,0.1922837376259372,0.19290850423939784,0.19290850423939784,0.19353327085285849,0.19353327085285849,0.19353327085285849,0.19353327085285849,0.19353327085285849,0.19353327085285849,0.19353327085285849,0.19353327085285849,0.19353327085285849,0.19353327085285849,0.19353327085285849,0.19353327085285849,0.19353327085285849,0.18791002811621368,0.16416752394271322,0.14729773853019565,0.1266791818291647,0.10043738239148899,0.05357702625278234,0.03108405530620314,0.011090322421216027,0.0035926654390229617,-0.0007809868681173852,-0.002030577297621837,-0.0026554011136656515,-0.0032802249297094657,-0.005779405788718369,-0.007029053420805998,-0.008903467666354265,-0.009528234279814902,-0.010153058095858716,-0.01077788191190253,-0.01077788191190253,-0.01077788191190253,-0.01077788191190253,-0.01077788191190253]","[-0.14229931960959466,-0.13605125305690605,-0.13417683881135778,-0.1316776007497657,-0.13105283413630506,-0.13105283413630506,-0.12980318650421743,-0.1291784198907568,-0.1291784198907568,-0.12855359607471298,-0.12855359607471298,-0.12855359607471298,-0.12730400564520852,-0.1260543580131209,-0.12168076290856374,-0.1204311152764761,-0.11980634866301547,-0.11918152484697164,-0.11918152484697164,-0.11918152484697164,-0.1179319344174672,-0.1179319344174672,-0.1179319344174672,-0.1179319344174672,-0.1179319344174672,-0.1179319344174672,-0.1179319344174672,-0.1179319344174672,-0.1179319344174672,-0.1179319344174672,-0.1179319344174672,-0.1179319344174672,-0.1179319344174672,-0.123555177154112,-0.14729773853019565,-0.16791629523122656,-0.19165885660731022,-0.23227120339591142,-0.29662605435801315,-0.3303655107778819,-0.35973137209319356,-0.37222744799598756,-0.3797251049781806,-0.3828491096532334,-0.38534834771482546,-0.39097159045147023,-0.39659483318811506,-0.4028428997408037,-0.40784131866140466,-0.4097157329069529,-0.41096532333645736,-0.412214970968545,-0.41283973758200565,-0.41283973758200565,-0.41283973758200565,-0.41346456139804943]","[0,0,0,0,0,0,0,0,0,0,0,0,0,0,0,0,0,0,0,0,0,0,1,1,1,1,0,0,0,0,0,0,0,0,0,0,0,0,0,0,0,0,0,0,0,0,0,0,0,0,0,0,0,0,0,1]","[0,0,0,0,0,0,0,0,0,0,0,0,0,0,0,0,0,0,0,0,0,0,0,0,0,0,0,0,0,0,0,0,0,0,0,0,0,0,0,0,0,0,0,0,0,0,0,0,0,0,0,0,0,0,0,0]","[0,0,0,0,0,0,0,0,0,0,0,0,0,0,0,0,0,0,0,0,0,0,0,0,0,0,0,0,0,0,0,0,0,0,0,0,0,0,0,0,0,0,0,0,0,0,0,0,0,0,0,0,0,0,0,0]","[0,0.013999999999995794,0.03069999992847272,0.04710000002383197,0.06410000002384209,0.08139999997615632,0.0969999999999942,0.11369999992847113,0.13049999999999784,0.14719999992847477,0.16400000000000148,0.18039999997614586,0.19739999997615598,0.21410000002383356,0.23069999992847556,0.24739999997615314,0.264199999928465,0.2804999999999893,0.29749999999999943,0.3136000000238397,0.33039999997615155,0.3469999999999942,0.36360000002383686,0.38189999997615587,0.3973999999761588,0.4136999999284683,0.43029999995231094,0.44789999997615837,0.4638999999761495,0.48049999999999216,0.497299999952304,0.5138999999761467,0.5302999999523053,0.5473999999761503,0.5641999999284621,0.5807999999523048,0.5971000000238433,0.6138999999761552,0.6310000000000002,0.6471999999284748,0.6640000000000015,0.6806999999284642,0.6971999999284719,0.7141000000238336,0.7304999999999922,0.747299999952304,0.7641000000238307,0.7804999999999893,0.7971999999284662,0.8141000000238421,0.8303999999761515,0.8471999999284634,0.863799999952306,0.8802999999523138,0.8969999999999914,0.9136999999284683]","[""polygon_submitbutton"",""polygon_submitbutton"",""polygon_submitbutton"",""polygon_submitbutton"",""polygon_submitbutton"",""polygon_submitbutton"",""polygon_submitbutton"",""polygon_submitbutton"",""polygon_submitbutton"",""polygon_submitbutton"",""polygon_submitbutton"",""polygon_submitbutton"",""polygon_submitbutton"",""polygon_submitbutton"",""polygon_submitbutton""]",44,0,44,0,1,0.379654947,16,together,80,0.9164
,BON001,2023-12-18_12h42.25.408,willingness2pay,2023.2.2,Win32,59.65519298,uk,"[-0.01077788191190253,-0.01077788191190253,-0.01077788191190253,-0.01077788191190253,-0.014526710402999063,-0.035145267104029994,-0.048266166822867856,-0.05638859041852155,-0.11636984627606607,-0.1432364695297856,-0.15885660731021556,-0.16760385472191308,-0.16760385472191308,-0.16760385472191308,-0.16760385472191308,-0.1682286785379569,-0.1682286785379569,-0.1682286785379569,-0.16760385472191308,-0.16760385472191308,-0.16760385472191308,-0.16760385472191308,-0.16760385472191308,-0.16760385472191308,-0.16760385472191308,-0.16885344515141754,-0.16947826896746135,-0.16947826896746135,-0.1707278593969658,-0.1707278593969658,-0.1707278593969658,-0.1707278593969658,-0.1707278593969658,-0.1707278593969658,-0.1707278593969658,-0.1707278593969658,-0.1707278593969658,-0.1707278593969658,-0.1707278593969658,-0.1707278593969658,-0.1707278593969658,-0.1707278593969658,-0.17010309278350516,-0.16760385472191308,-0.165104616660321,-0.16447985004686036,-0.1626054358013121,-0.16198061198526828,-0.16198061198526828,-0.16198061198526828,-0.16198061198526828,-0.16135578816922447,-0.13823805060918462,-0.11012183692596064,-0.08200562324273665,-0.06013741890961809,-0.03889409559512652,-0.028897200551341377,-0.02014995313964386,-0.017025891262007965,-0.01640112464854733,-0.0151514770164597,-0.014526710402999063,-0.014526710402999063,-0.014526710402999063,-0.014526710402999063,-0.014526710402999063,-0.014526710402999063]","[-0.41346456139804943,-0.41346456139804943,-0.41346456139804943,-0.41346456139804943,-0.4072164948453608,-0.3709778575664831,-0.33536398690106606,-0.3141206063839913,-0.2047797563261481,-0.15979381443298968,-0.13855049111849813,-0.12792877225866917,-0.12792877225866917,-0.12792877225866917,-0.12792877225866917,-0.1291784198907568,-0.12980318650421743,-0.12980318650421743,-0.1316776007497657,-0.1316776007497657,-0.13355201499531397,-0.13355201499531397,-0.13542642924086223,-0.1373008434864105,-0.1373008434864105,-0.13855049111849813,-0.13855049111849813,-0.13855049111849813,-0.13855049111849813,-0.13855049111849813,-0.13855049111849813,-0.13855049111849813,-0.13855049111849813,-0.13855049111849813,-0.13855049111849813,-0.13855049111849813,-0.13855049111849813,-0.13855049111849813,-0.13855049111849813,-0.13855049111849813,-0.13855049111849813,-0.13855049111849813,-0.13855049111849813,-0.1379256673024543,-0.1373008434864105,-0.1373008434864105,-0.13667607687294986,-0.13605125305690605,-0.13605125305690605,-0.13605125305690605,-0.13667607687294986,-0.14104967197750704,-0.2054045801421919,-0.2685098406747891,-0.3184942586911317,-0.355982543602097,-0.3897220000219658,-0.3978444236176195,-0.4034676663542643,-0.4040924901703081,-0.4047173139863519,-0.4047173139863519,-0.4047173139863519,-0.4047173139863519,-0.4047173139863519,-0.4047173139863519,-0.4047173139863519,-0.4047173139863519]","[0,0,0,0,0,0,0,0,0,0,0,0,0,0,0,0,0,0,0,0,0,0,0,0,0,0,0,0,0,1,1,1,0,0,0,0,0,0,0,0,0,0,0,0,0,0,0,0,0,0,0,0,0,0,0,0,0,0,0,0,0,0,0,0,0,0,0,1]","[0,0,0,0,0,0,0,0,0,0,0,0,0,0,0,0,0,0,0,0,0,0,0,0,0,0,0,0,0,0,0,0,0,0,0,0,0,0,0,0,0,0,0,0,0,0,0,0,0,0,0,0,0,0,0,0,0,0,0,0,0,0,0,0,0,0,0,0]","[0,0,0,0,0,0,0,0,0,0,0,0,0,0,0,0,0,0,0,0,0,0,0,0,0,0,0,0,0,0,0,0,0,0,0,0,0,0,0,0,0,0,0,0,0,0,0,0,0,0,0,0,0,0,0,0,0,0,0,0,0,0,0,0,0,0,0,0]","[0,0.01420000004767985,0.031100000023840835,0.04749999999999943,0.06449999999999534,0.08099999999998886,0.09780000007151557,0.11410000002383924,0.13120000004768428,0.14780000007151273,0.16430000007152046,0.1811000000238323,0.19739999997615598,0.2142000000476827,0.23080000007152535,0.24830000007152364,0.26439999997614905,0.2808999999761568,0.2978000000715184,0.31389999997615803,0.331100000023838,0.34739999997614746,0.3644999999999925,0.3812000000476843,0.3973999999761446,0.4142000000476713,0.43130000007151637,0.447399999976156,0.4642000000476827,0.48110000002382947,0.4981000000238396,0.5147000000476822,0.5311000000238408,0.5479999999999876,0.5644999999999953,0.5808999999761539,0.5976000000238315,0.6143999999761576,0.6311000000238352,0.6473999999761446,0.6644999999999897,0.680700000047679,0.6978999999761584,0.7143000000715176,0.7361000000238391,0.7478000000715213,0.7643000000715148,0.781399999976145,0.7973999999761503,0.8169999999999931,0.8308999999761539,0.8478999999761498,0.8642000000476742,0.8808000000715168,0.8978000000715127,0.9143999999761547,0.9313000000715164,0.9474999999999909,0.9644999999999868,0.9813000000715135,0.9979999999999905,1.014399999976149,1.031600000023829,1.0476000000238344,1.0643000000715261,1.080899999976154,1.0974999999999966,1.1142000000476742]","[""polygon_submitbutton"",""polygon_submitbutton"",""polygon_submitbutton"",""polygon_submitbutton"",""polygon_submitbutton"",""polygon_submitbutton"",""polygon_submitbutton"",""polygon_submitbutton"",""polygon_submitbutton"",""polygon_submitbutton"",""polygon_submitbutton"",""polygon_submitbutton"",""polygon_submitbutton"",""polygon_submitbutton"",""polygon_submitbutton"",""polygon_submitbutton"",""polygon_submitbutton"",""polygon_submitbutton""]",45,0,45,0,1,0.119575652,13,together,23.5,1.1168
,BON001,2023-12-18_12h42.25.408,willingness2pay,2023.2.2,Win32,59.65519298,uk,"[0.15979381443298968,0.17353959517045456,0.18041237113402062,0.19290850423939784,0.19978139460813027,0.20415498971268745,0.20852858481724462,0.2091534658358716,0.20977823244933225,0.2104029990627929,0.2104029990627929,0.2104029990627929,0.2104029990627929,0.2104029990627929,0.2104029990627929,0.21102788008141987,0.21102788008141987,0.21102788008141987,0.21102788008141987,0.21102788008141987,0.21102788008141987,0.21102788008141987,0.21102788008141987,0.21102788008141987,0.21102788008141987,0.21102788008141987,0.21102788008141987,0.21102788008141987,0.21102788008141987,0.21102788008141987,0.21102788008141987,0.21102788008141987,0.21102788008141987,0.21102788008141987,0.21102788008141987,0.20165580885367854,0.1779131902750117,0.1404249053640464,0.11418310592637067,0.09668855390039245,0.0866916588566073,0.07919400187441425,0.0610746832349754,0.0498281977616858,0.041080950349988286,0.03420805998125586,0.02546081256955834,0.020462393648957355,0.011090322421216027,0.0067166701140756796,0.004842255868527413,0.0035926654390229617,0.0035926654390229617,0.002967841622979147,0.002967841622979147,0.002967841622979147,0.002967841622979147]","[-0.1772883664589679,-0.16541705716963448,-0.1572946335739808,-0.14667291471415184,-0.13980008154800258,-0.1348016626274016,-0.12980318650421743,-0.1291784198907568,-0.12792877225866917,-0.12730400564520852,-0.12730400564520852,-0.12730400564520852,-0.12730400564520852,-0.12730400564520852,-0.12730400564520852,-0.1266791818291647,-0.1266791818291647,-0.12542959139966026,-0.12542959139966026,-0.12542959139966026,-0.12480476758361644,-0.12480476758361644,-0.12480476758361644,-0.12480476758361644,-0.12480476758361644,-0.12480476758361644,-0.12480476758361644,-0.12480476758361644,-0.12480476758361644,-0.12480476758361644,-0.12480476758361644,-0.12480476758361644,-0.12480476758361644,-0.12480476758361644,-0.12480476758361644,-0.1323024245658095,-0.1579194001874414,-0.2054045801421919,-0.2397688603781045,-0.2653858359997364,-0.281630740393627,-0.2985004686035614,-0.33536398690106606,-0.3584817244611059,-0.37472668605757964,-0.3865979381443299,-0.40221807592475983,-0.41034055672299674,-0.42471104687133904,-0.4328335276695759,-0.4384567704062207,-0.44095595126522963,-0.44095595126522963,-0.4415807750812734,-0.4415807750812734,-0.4415807750812734,-0.4415807750812734]","[0,0,0,0,0,0,0,0,0,0,0,0,0,0,0,0,0,0,0,0,0,0,1,1,1,1,0,0,0,0,0,0,0,0,0,0,0,0,0,0,0,0,0,0,0,0,0,0,0,0,0,0,0,0,0,0,1]","[0,0,0,0,0,0,0,0,0,0,0,0,0,0,0,0,0,0,0,0,0,0,0,0,0,0,0,0,0,0,0,0,0,0,0,0,0,0,0,0,0,0,0,0,0,0,0,0,0,0,0,0,0,0,0,0,0]","[0,0,0,0,0,0,0,0,0,0,0,0,0,0,0,0,0,0,0,0,0,0,0,0,0,0,0,0,0,0,0,0,0,0,0,0,0,0,0,0,0,0,0,0,0,0,0,0,0,0,0,0,0,0,0,0,0]","[0,0.013700000047677463,0.030300000071520117,0.04680000007152785,0.06410000002384209,0.0806000000238356,0.09710000002384334,0.11350000000000193,0.13030000007152864,0.14700000000000557,0.1634999999999991,0.18010000002384174,0.19680000007151932,0.21320000004767792,0.2299000000953697,0.2471000000238348,0.2633000000715242,0.2803000000715201,0.29680000007152785,0.3134000000953705,0.33010000002384743,0.34640000009537175,0.3632000000476836,0.38170000004768667,0.39749999999999375,0.41320000004768076,0.4299999999999926,0.4475000000000051,0.46349999999999625,0.4801000000238389,0.4969000000953656,0.5138000000715266,0.5303000000715201,0.5466000000238438,0.5635000000000048,0.5803000000715315,0.5969999999999942,0.61390000009537,0.6303000000715286,0.6468000000715222,0.6638000000715323,0.680700000047679,0.6972000000476868,0.7138000000715294,0.7304000000953721,0.747400000095368,0.7638000000715266,0.7804000000953693,0.7971000000238462,0.813999999999993,0.8303000000715315,0.8472000000476783,0.8636000000238369,0.8804000000953636,0.8969000000953713,0.9136000000238482,0.9299000000953725]","[""polygon_submitbutton"",""polygon_submitbutton"",""polygon_submitbutton"",""polygon_submitbutton"",""polygon_submitbutton"",""polygon_submitbutton"",""polygon_submitbutton"",""polygon_submitbutton"",""polygon_submitbutton"",""polygon_submitbutton"",""polygon_submitbutton"",""polygon_submitbutton"",""polygon_submitbutton""]",46,0,46,0,1,0.350082998,19,together,83,0.933
,BON001,2023-12-18_12h42.25.408,willingness2pay,2023.2.2,Win32,59.65519298,uk,"[-0.12824115556539947,-0.1313651602404522,-0.13386439830204427,-0.13636363636363635,-0.14136205528423734,-0.14511088377533388,-0.15073412651197868,-0.1538581311870314,-0.15635736924862348,-0.15823178349417175,-0.15885660731021556,-0.1594813739236762,-0.1594813739236762,-0.1594813739236762,-0.1594813739236762,-0.1594813739236762,-0.16010619773972,-0.16010619773972,-0.16010619773972,-0.16010619773972,-0.16010619773972,-0.16010619773972,-0.1626054358013121,-0.16323020241477273,-0.16323020241477273,-0.16323020241477273,-0.16385502623081655,-0.16385502623081655,-0.16447985004686036,-0.165104616660321,-0.165104616660321,-0.165104616660321,-0.165104616660321,-0.165104616660321,-0.165104616660321,-0.165104616660321,-0.165104616660321,-0.165104616660321,-0.165104616660321,-0.165104616660321,-0.165104616660321,-0.165104616660321,-0.14948453608247422,-0.1376132267931408,-0.12699156513589505,-0.11262101778496954,-0.10199935612772376,-0.09387687532948688,-0.08325521367224109,-0.07888156136510074,-0.07638238050609185,-0.07575755669004804,-0.07575755669004804,-0.07513273287400422,-0.07513273287400422,-0.07513273287400422,-0.07513273287400422,-0.07513273287400422,-0.07513273287400422,-0.07450796626054358,-0.07450796626054358,-0.07450796626054358,-0.07450796626054358,-0.07388314244449977,-0.07388314244449977,-0.07388314244449977,-0.07388314244449977,-0.07388314244449977,-0.07388314244449977,-0.07325831862845596,-0.07325831862845596,-0.07325831862845596,-0.07325831862845596,-0.07325831862845596,-0.07325831862845596,-0.07325831862845596,-0.07325831862845596,-0.07325831862845596,-0.07325831862845596,-0.07325831862845596,-0.07325831862845596,-0.07325831862845596,-0.07325831862845596,-0.07388314244449977,-0.07388314244449977,-0.07388314244449977,-0.07388314244449977,-0.07388314244449977,-0.07388314244449977,-0.07388314244449977]","[-0.169165885660731,-0.1666667048017221,-0.16541705716963448,-0.1635426429240862,-0.15916904781952906,-0.15604498594189317,-0.14917215277574392,-0.14417373385514293,-0.14104967197750704,-0.1373008434864105,-0.13605125305690605,-0.1348016626274016,-0.13417683881135778,-0.13417683881135778,-0.13417683881135778,-0.13292724838185332,-0.13292724838185332,-0.1323024245658095,-0.13105283413630506,-0.13105283413630506,-0.13042801032026125,-0.12855359607471298,-0.12230552952202436,-0.11605752017191893,-0.11543269635587512,-0.11355828211032686,-0.11168386786477859,-0.11168386786477859,-0.11043427743527413,-0.10855986318972587,-0.10855986318972587,-0.10855986318972587,-0.10855986318972587,-0.10855986318972587,-0.10855986318972587,-0.10855986318972587,-0.10855986318972587,-0.10855986318972587,-0.10855986318972587,-0.10855986318972587,-0.10855986318972587,-0.10855986318972587,-0.151671390837336,-0.1835364330116565,-0.20228057546713918,-0.23477038425492033,-0.2566385885880389,-0.2797563261480787,-0.3078725398313027,-0.3191190253045923,-0.3253670918572809,-0.327866329918873,-0.32849109653233366,-0.32911592034837744,-0.32911592034837744,-0.3297407441644213,-0.3303655107778819,-0.3303655107778819,-0.3303655107778819,-0.3316151584099695,-0.3322399250234302,-0.3334895726555178,-0.33411433926897843,-0.3347391630850223,-0.3347391630850223,-0.3347391630850223,-0.3347391630850223,-0.3347391630850223,-0.3497344770494084,-0.355982543602097,-0.355982543602097,-0.355982543602097,-0.355982543602097,-0.355982543602097,-0.355982543602097,-0.355982543602097,-0.35660731021555764,-0.35660731021555764,-0.35660731021555764,-0.35660731021555764,-0.35785695784764526,-0.360980962522698,-0.36722902907538657,-0.373477038425492,-0.37660110030312793,-0.37660110030312793,-0.37722586691658855,-0.3784755145486762,-0.3784755145486762,-0.3784755145486762]","[0,0,0,0,0,0,0,0,0,0,0,0,0,0,0,0,0,0,0,0,0,0,0,0,0,0,0,0,0,0,1,1,1,1,0,0,0,0,0,0,0,0,0,0,0,0,0,0,0,0,0,0,0,0,0,0,0,0,0,0,0,0,0,1,1,1,1,1,1,0,0,0,0,0,0,0,0,0,0,0,0,0,0,0,0,0,0,0,0,1]","[0,0,0,0,0,0,0,0,0,0,0,0,0,0,0,0,0,0,0,0,0,0,0,0,0,0,0,0,0,0,0,0,0,0,0,0,0,0,0,0,0,0,0,0,0,0,0,0,0,0,0,0,0,0,0,0,0,0,0,0,0,0,0,0,0,0,0,0,0,0,0,0,0,0,0,0,0,0,0,0,0,0,0,0,0,0,0,0,0,0]","[0,0,0,0,0,0,0,0,0,0,0,0,0,0,0,0,0,0,0,0,0,0,0,0,0,0,0,0,0,0,0,0,0,0,0,0,0,0,0,0,0,0,0,0,0,0,0,0,0,0,0,0,0,0,0,0,0,0,0,0,0,0,0,0,0,0,0,0,0,0,0,0,0,0,0,0,0,0,0,0,0,0,0,0,0,0,0,0,0,0]","[0.00010000002383492301,0.011900000095366181,0.028800000071527165,0.04520000004767155,0.06199999999999761,0.07849999999999113,0.09510000002383379,0.1121000000238297,0.12870000004767235,0.14510000002383094,0.16199999999999193,0.17870000004768372,0.1954000000953613,0.21220000004767314,0.22840000009536254,0.24530000007152353,0.2621000000238354,0.2784000000953597,0.29520000004767155,0.3118000000715142,0.329900000095364,0.3452000000476829,0.3618000000715256,0.3784000000953682,0.39540000009536413,0.41180000007152273,0.42820000004768133,0.4451000000238423,0.4618000000715199,0.4784999999999968,0.49490000009535606,0.5121000000238354,0.5289999999999964,0.5451000000238366,0.5614999999999952,0.5794000000953616,0.5948000000715155,0.6118000000715256,0.6284000000953682,0.6448000000715268,0.6619000000953577,0.6783000000715163,0.6952000000476772,0.7119999999999891,0.7284999999999968,0.7451000000238395,0.7623000000715194,0.7783000000715248,0.795600000023839,0.8119000000953633,0.8287000000476752,0.8452000000476829,0.8617000000476764,0.8784999999999883,0.8952000000476801,0.9119999999999919,0.9287000000476837,0.9451000000238423,0.961700000047685,0.9786000000238317,0.9954000000953585,1.011800000071517,1.028499999999994,1.0449000000953674,1.062700000047684,1.0787000000476752,1.0949000000953646,1.1117000000476764,1.1286000000238374,1.145100000023831,1.1619000000953577,1.1784000000953654,1.194900000095359,1.211900000095369,1.2284000000953625,1.2449999999999903,1.2634000000953591,1.2781000000238407,1.2949999999999875,1.3117000000476793,1.3286000000238403,1.3453000000715178,1.3621000000238297,1.3784999999999883,1.3954000000953641,1.4117000000476736,1.4284000000953654,1.4454000000953613,1.4616000000238358,1.4783000000715134]","[""polygon_submitbutton"",""polygon_submitbutton"",""polygon_submitbutton"",""polygon_submitbutton"",""polygon_submitbutton"",""polygon_submitbutton"",""polygon_submitbutton""]",47,0,47,0,1,0.455105754,14,together,24.5,1.4828
,BON001,2023-12-18_12h42.25.408,willingness2pay,2023.2.2,Win32,59.65519298,uk,,,,,,,,,,,,,0.455105754,14,together,24.5,1.4828